time,data,Grams,Newtons,multiplier,offset,,,,,
34,-2633729,-2362.23919,,0.00111,561.2,,,,,
85,-2740225,-2480.44975,,0.00111,561.2,,,,,
135,-2732033,-2471.35663,,0.00111,561.2,,,,,
216,-2727937,-2466.81007,,0.00111,561.2,,,,,
301,-2711553,-2448.62383,,0.00111,561.2,,,,,
385,-2732033,-2471.35663,,0.00111,561.2,,,,,
469,-2703361,-2439.53071,,0.00111,561.2,,,,,
553,-2723841,-2462.26351,,0.00111,561.2,,,,,
638,-2736129,-2475.90319,,0.00111,561.2,,,,,
722,-2748417,-2489.54287,,0.00111,561.2,,,,,
806,-2699265,-2434.98415,,0.00111,561.2,,,,,
890,-2719745,-2457.71695,,0.00111,561.2,,,,,
974,-2732033,-2471.35663,,0.00111,561.2,,,,,
1059,-2695169,-2430.43759,,0.00111,561.2,,,,,
1143,-2732033,-2471.35663,,0.00111,561.2,,,,,
1227,-2695169,-2430.43759,,0.00111,561.2,,,,,
1311,-2744321,-2484.99631,,0.00111,561.2,,,,, 
1396,-2707457,-2444.07727,,0.00111,561.2,,,,,
1480,-2715649,-2453.17039,,0.00111,561.2,,,,,
1564,-2699265,-2434.98415,,0.00111,561.2,,,,,
1648,-2715649,-2453.17039,,0.00111,561.2,,,,,
1733,-2719745,-2457.71695,,0.00111,561.2,,,,,
1817,-2732033,-2471.35663,,0.00111,561.2,,,,,
1901,-2715649,-2453.17039,,0.00111,561.2,,,,,
1985,-2744321,-2484.99631,,0.00111,561.2,,,,,
2070,-2719745,-2457.71695,,0.00111,561.2,,,,,
2154,-3141633,-2926.01263,,0.00111,561.2,,,,,
2238,-2707457,-2444.07727,,0.00111,561.2,,,,,
2322,-2719745,-2457.71695,,0.00111,561.2,,,,,
2407,-2727937,-2466.81007,,0.00111,561.2,,,,,
2491,-2732033,-2471.35663,,0.00111,561.2,,,,,
2575,-2711553,-2448.62383,,0.00111,561.2,,,,,
2659,-2703361,-2439.53071,,0.00111,561.2,,,,,
2744,-2748417,-2489.54287,,0.00111,561.2,,,,,
2828,-2703361,-2439.53071,,0.00111,561.2,,,,,
2912,-2691073,-2425.89103,,0.00111,561.2,,,,,
2996,-2699265,-2434.98415,,0.00111,561.2,,,,,
3080,-2695169,-2430.43759,,0.00111,561.2,,,,,
3165,-2740225,-2480.44975,,0.00111,561.2,,,,,
3249,-2691073,-2425.89103,,0.00111,561.2,,,,,
3333,-2703361,-2439.53071,,0.00111,561.2,,,,,
3417,-2691073,-2425.89103,,0.00111,561.2,,,,,
3502,-2723841,-2462.26351,,0.00111,561.2,,,,,
3586,-2732033,-2471.35663,,0.00111,561.2,,,,,
3670,-2715649,-2453.17039,,0.00111,561.2,,,,,
3754,-2703361,-2439.53071,,0.00111,561.2,,,,,
3839,-2715649,-2453.17039,,0.00111,561.2,,,,,
3923,-2727937,-2466.81007,,0.00111,561.2,,,,,
4007,-2727937,-2466.81007,,0.00111,561.2,,,,,
4091,-2707457,-2444.07727,,0.00111,561.2,,,,,
4176,-2740225,-2480.44975,,0.00111,561.2,,,,,
4260,-2736129,-2475.90319,,0.00111,561.2,,,,,
4344,-2703361,-2439.53071,,0.00111,561.2,,,,,
4428,-2691073,-2425.89103,,0.00111,561.2,,,,,
4513,-2691073,-2425.89103,,0.00111,561.2,,,,,
4597,-2691073,-2425.89103,,0.00111,561.2,,,,,
4681,-2695169,-2430.43759,,0.00111,561.2,,,,,
4765,-2715649,-2453.17039,,0.00111,561.2,,,,,
4849,-2707457,-2444.07727,,0.00111,561.2,,,,,
4934,-2727937,-2466.81007,,0.00111,561.2,,,,,
5018,-2744321,-2484.99631,,0.00111,561.2,,,,,
5102,-2719745,-2457.71695,,0.00111,561.2,,,,,
5186,-2723841,-2462.26351,,0.00111,561.2,,,,,
5271,-2752513,-2494.08943,,0.00111,561.2,,,,,
5355,-2711553,-2448.62383,,0.00111,561.2,,,,,
5439,-2691073,-2425.89103,,0.00111,561.2,,,,,
5523,-2711553,-2448.62383,,0.00111,561.2,,,,,
5608,-2715649,-2453.17039,,0.00111,561.2,,,,,
5692,-2686977,-2421.34447,,0.00111,561.2,,,,,
5776,-2711553,-2448.62383,,0.00111,561.2,,,,,
5860,-2736129,-2475.90319,,0.00111,561.2,,,,,
5945,-2744321,-2484.99631,,0.00111,561.2,,,,,
6029,-2736129,-2475.90319,,0.00111,561.2,,,,,
6113,-2732033,-2471.35663,,0.00111,561.2,,,,,
6197,-2727937,-2466.81007,,0.00111,561.2,,,,,
6282,-2727937,-2466.81007,,0.00111,561.2,,,,,
6366,-2723841,-2462.26351,,0.00111,561.2,,,,,
6450,-2732033,-2471.35663,,0.00111,561.2,,,,,
6534,-2723841,-2462.26351,,0.00111,561.2,,,,,
6618,-2727937,-2466.81007,,0.00111,561.2,,,,,
6703,-2748417,-2489.54287,,0.00111,561.2,,,,,
6787,-2740225,-2480.44975,,0.00111,561.2,,,,,
6871,-2727937,-2466.81007,,0.00111,561.2,,,,,
6955,-2744321,-2484.99631,,0.00111,561.2,,,,,
7040,-2740225,-2480.44975,,0.00111,561.2,,,,,
7124,-2736129,-2475.90319,,0.00111,561.2,,,,,
7208,-2084865,-1753.00015,,0.00111,561.2,,,,,
7292,-2719745,-2457.71695,,0.00111,561.2,,,,,
7377,-2736129,-2475.90319,,0.00111,561.2,,,,,
7461,-2719745,-2457.71695,,0.00111,561.2,,,,,
7545,-2707457,-2444.07727,,0.00111,561.2,,,,,
7629,-4190209,-4089.93199,,0.00111,561.2,,,,,
7714,-2703361,-2439.53071,,0.00111,561.2,,,,,
7798,-2744321,-2484.99631,,0.00111,561.2,,,,,
7882,-2711553,-2448.62383,,0.00111,561.2,,,,,
7966,-2695169,-2430.43759,,0.00111,561.2,,,,,
8050,-2686977,-2421.34447,,0.00111,561.2,,,,,
8135,-2691073,-2425.89103,,0.00111,561.2,,,,,
8219,-2715649,-2453.17039,,0.00111,561.2,,,,,
8303,-2699265,-2434.98415,,0.00111,561.2,,,,,
8387,-2719745,-2457.71695,,0.00111,561.2,,,,,
8472,-2719745,-2457.71695,,0.00111,561.2,,,,,
8556,-2707457,-2444.07727,,0.00111,561.2,,,,,
8640,-2736129,-2475.90319,,0.00111,561.2,,,,,
8724,-2748417,-2489.54287,,0.00111,561.2,,,,,
8809,-2723841,-2462.26351,,0.00111,561.2,,,,,
8893,-2719745,-2457.71695,,0.00111,561.2,,,,,
8977,-2723841,-2462.26351,,0.00111,561.2,,,,,
9061,-2727937,-2466.81007,,0.00111,561.2,,,,,
9146,-2727937,-2466.81007,,0.00111,561.2,,,,,
9230,-4173825,-4071.74575,,0.00111,561.2,,,,,
9314,-2727937,-2466.81007,,0.00111,561.2,,,,,
9398,-2727937,-2466.81007,,0.00111,561.2,,,,,
9482,-2781185,-2525.91535,,0.00111,561.2,,,,,
9567,-2723841,-2462.26351,,0.00111,561.2,,,,,
9651,-2732033,-2471.35663,,0.00111,561.2,,,,,
9735,-2748417,-2489.54287,,0.00111,561.2,,,,,
9819,-2723841,-2462.26351,,0.00111,561.2,,,,,
9904,-2781185,-2525.91535,,0.00111,561.2,,,,,
9988,-2772993,-2516.82223,,0.00111,561.2,,,,,
10072,-2719745,-2457.71695,,0.00111,561.2,,,,,
10156,-2732033,-2471.35663,,0.00111,561.2,,,,,
10241,-2723841,-2462.26351,,0.00111,561.2,,,,,
10325,-2711553,-2448.62383,,0.00111,561.2,,,,,
10409,-2740225,-2480.44975,,0.00111,561.2,,,,,
10493,-2748417,-2489.54287,,0.00111,561.2,,,,,
10578,-2748417,-2489.54287,,0.00111,561.2,,,,,
10662,-2727937,-2466.81007,,0.00111,561.2,,,,,
10746,-2727937,-2466.81007,,0.00111,561.2,,,,,
10830,-2736129,-2475.90319,,0.00111,561.2,,,,,
10914,-2732033,-2471.35663,,0.00111,561.2,,,,,
10999,-2744321,-2484.99631,,0.00111,561.2,,,,,
11083,-2719745,-2457.71695,,0.00111,561.2,,,,,
11167,-2740225,-2480.44975,,0.00111,561.2,,,,,
11251,-2740225,-2480.44975,,0.00111,561.2,,,,,
11336,-2719745,-2457.71695,,0.00111,561.2,,,,,
11420,-2727937,-2466.81007,,0.00111,561.2,,,,,
11504,-2736129,-2475.90319,,0.00111,561.2,,,,,
11588,-2732033,-2471.35663,,0.00111,561.2,,,,,
11673,-2719745,-2457.71695,,0.00111,561.2,,,,,
11757,-2740225,-2480.44975,,0.00111,561.2,,,,,
11841,-2744321,-2484.99631,,0.00111,561.2,,,,,
11925,-2748417,-2489.54287,,0.00111,561.2,,,,,
12010,-2732033,-2471.35663,,0.00111,561.2,,,,,
12094,-2748417,-2489.54287,,0.00111,561.2,,,,,
12178,-2732033,-2471.35663,,0.00111,561.2,,,,,
12262,-2723841,-2462.26351,,0.00111,561.2,,,,,
12346,-2748417,-2489.54287,,0.00111,561.2,,,,,
12431,-2727937,-2466.81007,,0.00111,561.2,,,,,
12515,-2752513,-2494.08943,,0.00111,561.2,,,,,
12599,-2760705,-2503.18255,,0.00111,561.2,,,,,
12683,-2740225,-2480.44975,,0.00111,561.2,,,,,
12768,-2748417,-2489.54287,,0.00111,561.2,,,,,
12852,-2740225,-2480.44975,,0.00111,561.2,,,,,
12936,-2740225,-2480.44975,,0.00111,561.2,,,,,
13020,-2727937,-2466.81007,,0.00111,561.2,,,,,
13105,-2748417,-2489.54287,,0.00111,561.2,,,,,
13189,-2744321,-2484.99631,,0.00111,561.2,,,,,
13273,-2711553,-2448.62383,,0.00111,561.2,,,,,
13357,-2740225,-2480.44975,,0.00111,561.2,,,,,
13442,-2748417,-2489.54287,,0.00111,561.2,,,,,
13526,-2715649,-2453.17039,,0.00111,561.2,,,,,
13610,-2719745,-2457.71695,,0.00111,561.2,,,,,
13694,-2732033,-2471.35663,,0.00111,561.2,,,,,
13778,-2711553,-2448.62383,,0.00111,561.2,,,,,
13863,-2707457,-2444.07727,,0.00111,561.2,,,,,
13947,-2736129,-2475.90319,,0.00111,561.2,,,,,
14031,-2686977,-2421.34447,,0.00111,561.2,,,,,
14115,-2695169,-2430.43759,,0.00111,561.2,,,,,
14200,-2719745,-2457.71695,,0.00111,561.2,,,,,
14284,-2727937,-2466.81007,,0.00111,561.2,,,,,
14368,-2686977,-2421.34447,,0.00111,561.2,,,,,
14452,-2736129,-2475.90319,,0.00111,561.2,,,,,
14537,-2719745,-2457.71695,,0.00111,561.2,,,,,
14621,-2764801,-2507.72911,,0.00111,561.2,,,,,
14705,-2781185,-2525.91535,,0.00111,561.2,,,,,
14789,-2736129,-2475.90319,,0.00111,561.2,,,,,
14874,-2723841,-2462.26351,,0.00111,561.2,,,,,
14958,-2850817,-2603.20687,,0.00111,561.2,,,,,
15042,-3067905,-2844.17455,,0.00111,561.2,,,,,
15126,-3088385,-2866.90735,,0.00111,561.2,,,,,
15211,-2707457,-2444.07727,,0.00111,561.2,,,,,
15295,-2646017,-2375.87887,,0.00111,561.2,,,,,
15379,-2756609,-2498.63599,,0.00111,561.2,,,,,
15463,-2752513,-2494.08943,,0.00111,561.2,,,,,
15547,-2723841,-2462.26351,,0.00111,561.2,,,,,
15632,-2666497,-2398.61167,,0.00111,561.2,,,,,
15716,-2621441,-2348.59951,,0.00111,561.2,,,,,
15800,-2625537,-2353.14607,,0.00111,561.2,,,,,
15884,-2621441,-2348.59951,,0.00111,561.2,,,,,
15969,-2641921,-2371.33231,,0.00111,561.2,,,,,
16053,-2646017,-2375.87887,,0.00111,561.2,,,,,
16137,-2625537,-2353.14607,,0.00111,561.2,,,,,
16221,-2633729,-2362.23919,,0.00111,561.2,,,,,
16306,-2625537,-2353.14607,,0.00111,561.2,,,,,
16390,-2650113,-2380.42543,,0.00111,561.2,,,,,
16474,-2088961,-1757.54671,,0.00111,561.2,,,,,
16558,-2637825,-2366.78575,,0.00111,561.2,,,,,
16642,-2670593,-2403.15823,,0.00111,561.2,,,,,
16727,-2662401,-2394.06511,,0.00111,561.2,,,,,
16811,-2662401,-2394.06511,,0.00111,561.2,,,,,
16895,-2625537,-2353.14607,,0.00111,561.2,,,,,
16979,-2646017,-2375.87887,,0.00111,561.2,,,,,
17064,-2621441,-2348.59951,,0.00111,561.2,,,,,
17148,-2629633,-2357.69263,,0.00111,561.2,,,,,
17232,-2662401,-2394.06511,,0.00111,561.2,,,,,
17316,-2650113,-2380.42543,,0.00111,561.2,,,,,
17401,-2646017,-2375.87887,,0.00111,561.2,,,,,
17485,-2641921,-2371.33231,,0.00111,561.2,,,,,
17569,-2654209,-2384.97199,,0.00111,561.2,,,,,
17653,-2666497,-2398.61167,,0.00111,561.2,,,,,
17738,-2678785,-2412.25135,,0.00111,561.2,,,,,
17822,-2662401,-2394.06511,,0.00111,561.2,,,,,
17906,-2625537,-2353.14607,,0.00111,561.2,,,,,
17990,-2641921,-2371.33231,,0.00111,561.2,,,,,
18074,-2629633,-2357.69263,,0.00111,561.2,,,,,
18159,-2641921,-2371.33231,,0.00111,561.2,,,,,
18243,-2637825,-2366.78575,,0.00111,561.2,,,,,
18327,-2625537,-2353.14607,,0.00111,561.2,,,,,
18411,-2629633,-2357.69263,,0.00111,561.2,,,,,
18496,-2641921,-2371.33231,,0.00111,561.2,,,,,
18580,-2621441,-2348.59951,,0.00111,561.2,,,,,
18664,-2621441,-2348.59951,,0.00111,561.2,,,,,
18748,-2637825,-2366.78575,,0.00111,561.2,,,,,
18833,-2633729,-2362.23919,,0.00111,561.2,,,,,
18917,-2646017,-2375.87887,,0.00111,561.2,,,,,
19001,-2650113,-2380.42543,,0.00111,561.2,,,,,
19085,-2633729,-2362.23919,,0.00111,561.2,,,,,
19170,-2658305,-2389.51855,,0.00111,561.2,,,,,
19254,-2637825,-2366.78575,,0.00111,561.2,,,,,
19338,-2633729,-2362.23919,,0.00111,561.2,,,,,
19422,-2646017,-2375.87887,,0.00111,561.2,,,,,
19507,-2650113,-2380.42543,,0.00111,561.2,,,,,
19591,-2658305,-2389.51855,,0.00111,561.2,,,,,
19675,-2658305,-2389.51855,,0.00111,561.2,,,,,
19759,-2646017,-2375.87887,,0.00111,561.2,,,,,
19843,-2629633,-2357.69263,,0.00111,561.2,,,,,
19928,-2646017,-2375.87887,,0.00111,561.2,,,,,
20012,-2633729,-2362.23919,,0.00111,561.2,,,,,
20096,-2621441,-2348.59951,,0.00111,561.2,,,,,
20180,-2662401,-2394.06511,,0.00111,561.2,,,,,
20265,-4165633,-4062.65263,,0.00111,561.2,,,,,
20349,-2633729,-2362.23919,,0.00111,561.2,,,,,
20433,-2662401,-2394.06511,,0.00111,561.2,,,,,
20517,-2654209,-2384.97199,,0.00111,561.2,,,,,
20602,-2666497,-2398.61167,,0.00111,561.2,,,,,
20686,-2674689,-2407.70479,,0.00111,561.2,,,,,
20770,-2674689,-2407.70479,,0.00111,561.2,,,,,
20854,-2666497,-2398.61167,,0.00111,561.2,,,,,
20938,-2658305,-2389.51855,,0.00111,561.2,,,,,
21023,-2658305,-2389.51855,,0.00111,561.2,,,,,
21107,-2646017,-2375.87887,,0.00111,561.2,,,,,
21191,-2621441,-2348.59951,,0.00111,561.2,,,,,
21275,-2662401,-2394.06511,,0.00111,561.2,,,,,
21360,-2658305,-2389.51855,,0.00111,561.2,,,,,
21444,-2637825,-2366.78575,,0.00111,561.2,,,,,
21528,-2650113,-2380.42543,,0.00111,561.2,,,,,
21612,-2633729,-2362.23919,,0.00111,561.2,,,,,
21697,-2682881,-2416.79791,,0.00111,561.2,,,,,
21781,-2662401,-2394.06511,,0.00111,561.2,,,,,
21865,-2682881,-2416.79791,,0.00111,561.2,,,,,
21949,-2621441,-2348.59951,,0.00111,561.2,,,,,
22034,-2629633,-2357.69263,,0.00111,561.2,,,,,
22118,-2621441,-2348.59951,,0.00111,561.2,,,,,
22202,-2629633,-2357.69263,,0.00111,561.2,,,,,
22286,-2621441,-2348.59951,,0.00111,561.2,,,,,
22370,-2662401,-2394.06511,,0.00111,561.2,,,,,
22455,-2654209,-2384.97199,,0.00111,561.2,,,,,
22539,-2637825,-2366.78575,,0.00111,561.2,,,,,
22623,-2625537,-2353.14607,,0.00111,561.2,,,,,
22707,-2662401,-2394.06511,,0.00111,561.2,,,,,
22792,-2666497,-2398.61167,,0.00111,561.2,,,,,
22876,-2666497,-2398.61167,,0.00111,561.2,,,,,
22960,-2637825,-2366.78575,,0.00111,561.2,,,,,
23044,-2641921,-2371.33231,,0.00111,561.2,,,,,
23129,-2633729,-2362.23919,,0.00111,561.2,,,,,
23213,-2641921,-2371.33231,,0.00111,561.2,,,,,
23297,-2637825,-2366.78575,,0.00111,561.2,,,,,
23381,-2650113,-2380.42543,,0.00111,561.2,,,,,
23465,-2678785,-2412.25135,,0.00111,561.2,,,,,
23550,-2678785,-2412.25135,,0.00111,561.2,,,,,
23634,-2646017,-2375.87887,,0.00111,561.2,,,,,
23718,-2637825,-2366.78575,,0.00111,561.2,,,,,
23802,-2658305,-2389.51855,,0.00111,561.2,,,,,
23887,-2662401,-2394.06511,,0.00111,561.2,,,,,
23971,-2658305,-2389.51855,,0.00111,561.2,,,,,
24055,-2646017,-2375.87887,,0.00111,561.2,,,,,
24139,-2641921,-2371.33231,,0.00111,561.2,,,,,
24224,-2641921,-2371.33231,,0.00111,561.2,,,,,
24308,-2670593,-2403.15823,,0.00111,561.2,,,,,
24392,-2662401,-2394.06511,,0.00111,561.2,,,,,
24476,-2662401,-2394.06511,,0.00111,561.2,,,,,
24561,-2646017,-2375.87887,,0.00111,561.2,,,,,
24645,-2654209,-2384.97199,,0.00111,561.2,,,,,
24729,-2654209,-2384.97199,,0.00111,561.2,,,,,
24813,-2654209,-2384.97199,,0.00111,561.2,,,,,
24898,-2674689,-2407.70479,,0.00111,561.2,,,,,
24982,-2682881,-2416.79791,,0.00111,561.2,,,,,
25066,-2654209,-2384.97199,,0.00111,561.2,,,,,
25150,-2666497,-2398.61167,,0.00111,561.2,,,,,
25234,-2654209,-2384.97199,,0.00111,561.2,,,,,
25319,-2678785,-2412.25135,,0.00111,561.2,,,,,
25403,-2682881,-2416.79791,,0.00111,561.2,,,,,
25487,-2658305,-2389.51855,,0.00111,561.2,,,,,
25571,-2695169,-2430.43759,,0.00111,561.2,,,,,
25656,-2662401,-2394.06511,,0.00111,561.2,,,,,
25740,-2674689,-2407.70479,,0.00111,561.2,,,,,
25824,-2670593,-2403.15823,,0.00111,561.2,,,,,
25908,-2699265,-2434.98415,,0.00111,561.2,,,,,
25993,-2699265,-2434.98415,,0.00111,561.2,,,,,
26077,-2707457,-2444.07727,,0.00111,561.2,,,,,
26161,-2695169,-2430.43759,,0.00111,561.2,,,,,
26245,-2695169,-2430.43759,,0.00111,561.2,,,,,
26330,-2707457,-2444.07727,,0.00111,561.2,,,,,
26414,-2691073,-2425.89103,,0.00111,561.2,,,,,
26498,-2695169,-2430.43759,,0.00111,561.2,,,,,
26582,-2691073,-2425.89103,,0.00111,561.2,,,,,
26666,-2711553,-2448.62383,,0.00111,561.2,,,,,
26751,-2695169,-2430.43759,,0.00111,561.2,,,,,
26835,-2691073,-2425.89103,,0.00111,561.2,,,,,
26919,-3084289,-2862.36079,,0.00111,561.2,,,,,
27003,-2695169,-2430.43759,,0.00111,561.2,,,,,
27088,-2707457,-2444.07727,,0.00111,561.2,,,,,
27172,-2691073,-2425.89103,,0.00111,561.2,,,,,
27256,-2711553,-2448.62383,,0.00111,561.2,,,,,
27340,-2723841,-2462.26351,,0.00111,561.2,,,,,
27425,-2711553,-2448.62383,,0.00111,561.2,,,,,
27509,-2703361,-2439.53071,,0.00111,561.2,,,,,
27593,-2711553,-2448.62383,,0.00111,561.2,,,,,
27677,-2707457,-2444.07727,,0.00111,561.2,,,,,
27762,-2695169,-2430.43759,,0.00111,561.2,,,,,
27846,-2695169,-2430.43759,,0.00111,561.2,,,,,
27930,-2691073,-2425.89103,,0.00111,561.2,,,,,
28014,-2699265,-2434.98415,,0.00111,561.2,,,,,
28099,-2707457,-2444.07727,,0.00111,561.2,,,,,
28183,-2039809,-1702.98799,,0.00111,561.2,,,,,
28267,-2699265,-2434.98415,,0.00111,561.2,,,,,
28351,-2678785,-2412.25135,,0.00111,561.2,,,,,
28436,-2695169,-2430.43759,,0.00111,561.2,,,,,
28520,-2670593,-2403.15823,,0.00111,561.2,,,,,
28604,-2674689,-2407.70479,,0.00111,561.2,,,,,
28688,-2682881,-2416.79791,,0.00111,561.2,,,,,
28772,-2031617,-1693.89487,,0.00111,561.2,,,,,
28857,-2715649,-2453.17039,,0.00111,561.2,,,,,
28941,-2695169,-2430.43759,,0.00111,561.2,,,,,
29025,-2695169,-2430.43759,,0.00111,561.2,,,,,
29109,-2715649,-2453.17039,,0.00111,561.2,,,,,
29194,-2699265,-2434.98415,,0.00111,561.2,,,,,
29278,-2674689,-2407.70479,,0.00111,561.2,,,,,
29362,-2654209,-2384.97199,,0.00111,561.2,,,,,
29446,-2658305,-2389.51855,,0.00111,561.2,,,,,
29531,-2699265,-2434.98415,,0.00111,561.2,,,,,
29615,-2695169,-2430.43759,,0.00111,561.2,,,,,
29699,-2703361,-2439.53071,,0.00111,561.2,,,,,
29783,-2699265,-2434.98415,,0.00111,561.2,,,,,
29868,-2686977,-2421.34447,,0.00111,561.2,,,,,
29952,-2691073,-2425.89103,,0.00111,561.2,,,,,
30036,-2699265,-2434.98415,,0.00111,561.2,,,,,
30120,-2715649,-2453.17039,,0.00111,561.2,,,,,
30204,-2686977,-2421.34447,,0.00111,561.2,,,,,
30289,-2682881,-2416.79791,,0.00111,561.2,,,,,
30373,-2695169,-2430.43759,,0.00111,561.2,,,,,
30457,-2707457,-2444.07727,,0.00111,561.2,,,,,
30541,-2699265,-2434.98415,,0.00111,561.2,,,,,
30626,-2699265,-2434.98415,,0.00111,561.2,,,,,
30710,-2670593,-2403.15823,,0.00111,561.2,,,,,
30794,-2678785,-2412.25135,,0.00111,561.2,,,,,
30878,-2678785,-2412.25135,,0.00111,561.2,,,,,
30963,-2686977,-2421.34447,,0.00111,561.2,,,,,
31047,-2691073,-2425.89103,,0.00111,561.2,,,,,
31131,-2707457,-2444.07727,,0.00111,561.2,,,,,
31215,-2691073,-2425.89103,,0.00111,561.2,,,,,
31300,-2707457,-2444.07727,,0.00111,561.2,,,,,
31384,-3129345,-2912.37295,,0.00111,561.2,,,,,
31468,-2670593,-2403.15823,,0.00111,561.2,,,,,
31552,-2715649,-2453.17039,,0.00111,561.2,,,,,
31636,-2711553,-2448.62383,,0.00111,561.2,,,,,
31721,-2699265,-2434.98415,,0.00111,561.2,,,,,
31805,-2711553,-2448.62383,,0.00111,561.2,,,,,
31889,-2682881,-2416.79791,,0.00111,561.2,,,,,
31973,-2662401,-2394.06511,,0.00111,561.2,,,,,
32058,-4136961,-4030.82671,,0.00111,561.2,,,,,
32142,-2674689,-2407.70479,,0.00111,561.2,,,,,
32226,-2682881,-2416.79791,,0.00111,561.2,,,,,
32310,-2682881,-2416.79791,,0.00111,561.2,,,,,
32395,-2043905,-1707.53455,,0.00111,561.2,,,,,
32479,-2666497,-2398.61167,,0.00111,561.2,,,,,
32563,-2654209,-2384.97199,,0.00111,561.2,,,,,
32647,-2691073,-2425.89103,,0.00111,561.2,,,,,
32732,-2703361,-2439.53071,,0.00111,561.2,,,,,
32816,-2711553,-2448.62383,,0.00111,561.2,,,,,
32900,-2699265,-2434.98415,,0.00111,561.2,,,,,
32984,-2686977,-2421.34447,,0.00111,561.2,,,,,
33068,-2691073,-2425.89103,,0.00111,561.2,,,,,
33153,-2707457,-2444.07727,,0.00111,561.2,,,,,
33237,-2686977,-2421.34447,,0.00111,561.2,,,,,
33321,-2715649,-2453.17039,,0.00111,561.2,,,,,
33405,-2703361,-2439.53071,,0.00111,561.2,,,,,
33490,-2838529,-2589.56719,,0.00111,561.2,,,,,
33574,-2723841,-2462.26351,,0.00111,561.2,,,,,
33658,-2732033,-2471.35663,,0.00111,561.2,,,,,
33742,-2740225,-2480.44975,,0.00111,561.2,,,,,
33827,-2727937,-2466.81007,,0.00111,561.2,,,,,
33911,-2736129,-2475.90319,,0.00111,561.2,,,,,
33995,-2691073,-2425.89103,,0.00111,561.2,,,,,
34079,-2707457,-2444.07727,,0.00111,561.2,,,,,
34164,-2703361,-2439.53071,,0.00111,561.2,,,,,
34248,-2715649,-2453.17039,,0.00111,561.2,,,,,
34332,-2699265,-2434.98415,,0.00111,561.2,,,,,
34416,-2744321,-2484.99631,,0.00111,561.2,,,,,
34500,-2818049,-2566.83439,,0.00111,561.2,,,,,
34585,-2740225,-2480.44975,,0.00111,561.2,,,,,
34669,-2727937,-2466.81007,,0.00111,561.2,,,,,
34753,-2650113,-2380.42543,,0.00111,561.2,,,,,
34837,-2654209,-2384.97199,,0.00111,561.2,,,,,
34922,-2686977,-2421.34447,,0.00111,561.2,,,,,
35006,-2752513,-2494.08943,,0.00111,561.2,,,,,
35090,-2777089,-2521.36879,,0.00111,561.2,,,,,
35174,-2727937,-2466.81007,,0.00111,561.2,,,,,
35259,-3035137,-2807.80207,,0.00111,561.2,,,,,
35343,-2658305,-2389.51855,,0.00111,561.2,,,,,
35427,-3076097,-2853.26767,,0.00111,561.2,,,,,
35511,-4038657,-3921.70927,,0.00111,561.2,,,,,
35595,-2789377,-2535.00847,,0.00111,561.2,,,,,
35680,-1961985,-1616.60335,,0.00111,561.2,,,,,
35764,-1957889,-1612.05679,,0.00111,561.2,,,,,
35848,-1937409,-1589.32399,,0.00111,561.2,,,,,
35932,-561153,-61.67983,,0.00111,561.2,,,,,
36017,-1503233,-1107.38863,,0.00111,561.2,,,,,
36101,-2699265,-2434.98415,,0.00111,561.2,,,,,
36185,-4177921,-4076.29231,,0.00111,561.2,,,,,
36269,-2691073,-2425.89103,,0.00111,561.2,,,,,
36354,-3796993,-3653.46223,,0.00111,561.2,,,,,
36438,-3678209,-3521.61199,,0.00111,561.2,,,,,
36522,-3997697,-3876.24367,,0.00111,561.2,,,,,
36606,-3997697,-3876.24367,,0.00111,561.2,,,,,
36691,-3846145,-3708.02095,,0.00111,561.2,,,,,
36775,-3715073,-3562.53103,,0.00111,561.2,,,,,
36859,-3678209,-3521.61199,,0.00111,561.2,,,,,
36943,-3760129,-3612.54319,,0.00111,561.2,,,,,
37027,-3878913,-3744.39343,,0.00111,561.2,,,,,
37112,-3989505,-3867.15055,,0.00111,561.2,,,,,
37196,-3825665,-3685.28815,,0.00111,561.2,,,,,
37280,-3719169,-3567.07759,,0.00111,561.2,,,,,
37364,-3686401,-3530.70511,,0.00111,561.2,,,,,
37449,-3940353,-3812.59183,,0.00111,561.2,,,,,
37533,-2220033,-1903.03663,,0.00111,561.2,,,,,
37617,-2490369,-2203.10959,,0.00111,561.2,,,,,
37701,-2527233,-2244.02863,,0.00111,561.2,,,,,
37786,-2592769,-2316.77359,,0.00111,561.2,,,,,
37870,-2265089,-1953.04879,,0.00111,561.2,,,,,
37954,-4120577,-4012.64047,,0.00111,561.2,,,,,
38038,-3932161,-3803.49871,,0.00111,561.2,,,,,
38122,-4046849,-3930.80239,,0.00111,561.2,,,,,
38207,-4059137,-3944.44207,,0.00111,561.2,,,,,
38291,-4182017,-4080.83887,,0.00111,561.2,,,,,
38375,-4136961,-4030.82671,,0.00111,561.2,,,,,
38459,-4005889,-3885.33679,,0.00111,561.2,,,,,
38544,-4071425,-3958.08175,,0.00111,561.2,,,,,
38628,-4161537,-4058.10607,,0.00111,561.2,,,,,
38712,-3952641,-3826.23151,,0.00111,561.2,,,,,
38796,-4079617,-3967.17487,,0.00111,561.2,,,,,
38881,-4034561,-3917.16271,,0.00111,561.2,,,,,
38965,-3932161,-3803.49871,,0.00111,561.2,,,,,
39049,-3973121,-3848.96431,,0.00111,561.2,,,,,
39133,-3895297,-3762.57967,,0.00111,561.2,,,,,
39217,-3846145,-3708.02095,,0.00111,561.2,,,,,
39302,-3809281,-3667.10191,,0.00111,561.2,,,,,
39386,-3960833,-3835.32463,,0.00111,561.2,,,,,
39470,-3960833,-3835.32463,,0.00111,561.2,,,,,
39554,-3928065,-3798.95215,,0.00111,561.2,,,,,
39639,-4112385,-4003.54735,,0.00111,561.2,,,,,
39723,-2289665,-1980.32815,,0.00111,561.2,,,,,
39807,-2240513,-1925.76943,,0.00111,561.2,,,,,
39891,-2248705,-1934.86255,,0.00111,561.2,,,,,
39976,-2199553,-1880.30383,,0.00111,561.2,,,,,
40060,-4083713,-3971.72143,,0.00111,561.2,,,,,
40144,-4030465,-3912.61615,,0.00111,561.2,,,,,
40228,-4063233,-3948.98863,,0.00111,561.2,,,,,
40312,-4120577,-4012.64047,,0.00111,561.2,,,,,
40397,-4030465,-3912.61615,,0.00111,561.2,,,,,
40481,-3993601,-3871.69711,,0.00111,561.2,,,,,
40565,-4165633,-4062.65263,,0.00111,561.2,,,,,
40649,-4177921,-4076.29231,,0.00111,561.2,,,,,
40734,-4071425,-3958.08175,,0.00111,561.2,,,,,
40818,-3940353,-3812.59183,,0.00111,561.2,,,,,
40902,-4149249,-4044.46639,,0.00111,561.2,,,,,
40986,-4153345,-4049.01295,,0.00111,561.2,,,,,
41070,-4157441,-4053.55951,,0.00111,561.2,,,,,
41155,-4087809,-3976.26799,,0.00111,561.2,,,,,
41239,-4104193,-3994.45423,,0.00111,561.2,,,,,
41323,-4145153,-4039.91983,,0.00111,561.2,,,,,
41407,-4124673,-4017.18703,,0.00111,561.2,,,,,
41492,-2277377,-1966.68847,,0.00111,561.2,,,,,
41576,-2560001,-2280.40111,,0.00111,561.2,,,,,
41660,-2281473,-1971.23503,,0.00111,561.2,,,,,
41744,-2138113,-1812.10543,,0.00111,561.2,,,,,
41829,-4141057,-4035.37327,,0.00111,561.2,,,,,
41913,-4182017,-4080.83887,,0.00111,561.2,,,,,
41997,-4096001,-3985.36111,,0.00111,561.2,,,,,
42081,-4108289,-3999.00079,,0.00111,561.2,,,,,
42165,-4079617,-3967.17487,,0.00111,561.2,,,,,
42250,-4022273,-3903.52303,,0.00111,561.2,,,,,
42334,-4030465,-3912.61615,,0.00111,561.2,,,,,
42418,-4169729,-4067.19919,,0.00111,561.2,,,,,
42502,-3895297,-3762.57967,,0.00111,561.2,,,,,
42587,-3813377,-3671.64847,,0.00111,561.2,,,,,
42671,-3743745,-3594.35695,,0.00111,561.2,,,,,
42755,-3682305,-3526.15855,,0.00111,561.2,,,,,
42839,-3678209,-3521.61199,,0.00111,561.2,,,,,
42924,-3670017,-3512.51887,,0.00111,561.2,,,,,
43008,-3903489,-3771.67279,,0.00111,561.2,,,,,
43092,-3751937,-3603.45007,,0.00111,561.2,,,,,
43176,-3731457,-3580.71727,,0.00111,561.2,,,,,
43260,-2232321,-1916.67631,,0.00111,561.2,,,,,
43345,-2146305,-1821.19855,,0.00111,561.2,,,,,
43429,-3256321,-3053.31631,,0.00111,561.2,,,,,
43513,-3575809,-3407.94799,,0.00111,561.2,,,,,
43597,-3710977,-3557.98447,,0.00111,561.2,,,,,
43682,-3813377,-3671.64847,,0.00111,561.2,,,,,
43766,-3833857,-3694.38127,,0.00111,561.2,,,,,
43850,-3829761,-3689.83471,,0.00111,561.2,,,,,
43934,-3817473,-3676.19503,,0.00111,561.2,,,,,
44019,-3891201,-3758.03311,,0.00111,561.2,,,,,
44103,-3801089,-3658.00879,,0.00111,561.2,,,,,
44187,-3874817,-3739.84687,,0.00111,561.2,,,,,
44271,-1134593,-698.19823,,0.00111,561.2,,,,,
44355,-3866625,-3730.75375,,0.00111,561.2,,,,,
44440,-3907585,-3776.21935,,0.00111,561.2,,,,,
44524,-3690497,-3535.25167,,0.00111,561.2,,,,,
44608,-3715073,-3562.53103,,0.00111,561.2,,,,,
44692,-3698689,-3544.34479,,0.00111,561.2,,,,,
44777,-3702785,-3548.89135,,0.00111,561.2,,,,,
44861,-3682305,-3526.15855,,0.00111,561.2,,,,,
44945,-3727361,-3576.17071,,0.00111,561.2,,,,,
45029,-3792897,-3648.91567,,0.00111,561.2,,,,,
45114,-3780609,-3635.27599,,0.00111,561.2,,,,,
45198,-3784705,-3639.82255,,0.00111,561.2,,,,,
45282,-3743745,-3594.35695,,0.00111,561.2,,,,,
45366,-3743745,-3594.35695,,0.00111,561.2,,,,,
45450,-3751937,-3603.45007,,0.00111,561.2,,,,,
45535,-3768321,-3621.63631,,0.00111,561.2,,,,,
45619,-3751937,-3603.45007,,0.00111,561.2,,,,,
45703,-3760129,-3612.54319,,0.00111,561.2,,,,,
45787,-1228801,-802.76911,,0.00111,561.2,,,,,
45872,-3678209,-3521.61199,,0.00111,561.2,,,,,
45956,-3682305,-3526.15855,,0.00111,561.2,,,,,
46040,-3678209,-3521.61199,,0.00111,561.2,,,,,
46124,-3706881,-3553.43791,,0.00111,561.2,,,,,
46209,-3764225,-3617.08975,,0.00111,561.2,,,,,
46293,-3764225,-3617.08975,,0.00111,561.2,,,,,
46377,-3735553,-3585.26383,,0.00111,561.2,,,,,
46461,-3751937,-3603.45007,,0.00111,561.2,,,,,
46545,-3776513,-3630.72943,,0.00111,561.2,,,,,
46630,-3817473,-3676.19503,,0.00111,561.2,,,,,
46714,-3829761,-3689.83471,,0.00111,561.2,,,,,
46798,-3821569,-3680.74159,,0.00111,561.2,,,,,
46882,-3825665,-3685.28815,,0.00111,561.2,,,,,
46967,-3809281,-3667.10191,,0.00111,561.2,,,,,
47051,-3813377,-3671.64847,,0.00111,561.2,,,,,
47135,-3862529,-3726.20719,,0.00111,561.2,,,,,
47219,-3846145,-3708.02095,,0.00111,561.2,,,,,
47304,-3883009,-3748.93999,,0.00111,561.2,,,,,
47388,-3801089,-3658.00879,,0.00111,561.2,,,,,
47472,-3870721,-3735.30031,,0.00111,561.2,,,,,
47556,-3915777,-3785.31247,,0.00111,561.2,,,,,
47640,-3932161,-3803.49871,,0.00111,561.2,,,,,
47725,-3944449,-3817.13839,,0.00111,561.2,,,,,
47809,-3956737,-3830.77807,,0.00111,561.2,,,,,
47893,-3964929,-3839.87119,,0.00111,561.2,,,,,
47977,-3944449,-3817.13839,,0.00111,561.2,,,,,
48062,-3956737,-3830.77807,,0.00111,561.2,,,,,
48146,-3907585,-3776.21935,,0.00111,561.2,,,,,
48230,-3944449,-3817.13839,,0.00111,561.2,,,,,
48314,-3973121,-3848.96431,,0.00111,561.2,,,,,
48398,-3993601,-3871.69711,,0.00111,561.2,,,,,
48483,-3973121,-3848.96431,,0.00111,561.2,,,,,
48567,-4001793,-3880.79023,,0.00111,561.2,,,,,
48651,-4005889,-3885.33679,,0.00111,561.2,,,,,
48735,-4034561,-3917.16271,,0.00111,561.2,,,,,
48820,-4001793,-3880.79023,,0.00111,561.2,,,,,
48904,-4014081,-3894.42991,,0.00111,561.2,,,,,
48988,-3997697,-3876.24367,,0.00111,561.2,,,,,
49072,-4009985,-3889.88335,,0.00111,561.2,,,,,
49157,-3989505,-3867.15055,,0.00111,561.2,,,,,
49241,-3936257,-3808.04527,,0.00111,561.2,,,,,
49325,-3932161,-3803.49871,,0.00111,561.2,,,,,
49409,-3989505,-3867.15055,,0.00111,561.2,,,,,
49493,-3969025,-3844.41775,,0.00111,561.2,,,,,
49578,-4001793,-3880.79023,,0.00111,561.2,,,,,
49662,-4055041,-3939.89551,,0.00111,561.2,,,,,
49746,-4055041,-3939.89551,,0.00111,561.2,,,,,
49830,-3940353,-3812.59183,,0.00111,561.2,,,,,
49915,-3973121,-3848.96431,,0.00111,561.2,,,,,
49999,-4014081,-3894.42991,,0.00111,561.2,,,,,
50083,-3997697,-3876.24367,,0.00111,561.2,,,,,
50167,-3985409,-3862.60399,,0.00111,561.2,,,,,
50251,-3985409,-3862.60399,,0.00111,561.2,,,,,
50336,-3969025,-3844.41775,,0.00111,561.2,,,,,
50420,-3936257,-3808.04527,,0.00111,561.2,,,,,
50504,-4026369,-3908.06959,,0.00111,561.2,,,,,
50588,-4014081,-3894.42991,,0.00111,561.2,,,,,
50673,-4050945,-3935.34895,,0.00111,561.2,,,,,
50757,-3997697,-3876.24367,,0.00111,561.2,,,,,
50841,-3960833,-3835.32463,,0.00111,561.2,,,,,
50925,-3932161,-3803.49871,,0.00111,561.2,,,,,
51010,-3993601,-3871.69711,,0.00111,561.2,,,,,
51094,-4022273,-3903.52303,,0.00111,561.2,,,,,
51178,-3989505,-3867.15055,,0.00111,561.2,,,,,
51262,-3973121,-3848.96431,,0.00111,561.2,,,,,
51346,-4022273,-3903.52303,,0.00111,561.2,,,,,
51431,-4022273,-3903.52303,,0.00111,561.2,,,,,
,,561.2,,0.00111,561.2,,,,,
,,561.2,,0.00111,561.2,,,,,
,,561.2,,0.00111,561.2,,,,,
,,561.2,,0.00111,561.2,,,,,
,,561.2,,0.00111,561.2,,,,,
,,561.2,,0.00111,561.2,,,,,
,,561.2,,0.00111,561.2,,,,,
,,561.2,,0.00111,561.2,,,,,
,,561.2,,0.00111,561.2,,,,,
,,561.2,,0.00111,561.2,,,,,
,,561.2,,0.00111,561.2,,,,,
,,561.2,,0.00111,561.2,,,,,
,,561.2,,0.00111,561.2,,,,,
,,561.2,,0.00111,561.2,,,,,
,,561.2,,0.00111,561.2,,,,,
,,561.2,,0.00111,561.2,,,,,
,,561.2,,0.00111,561.2,,,,,
,,561.2,,0.00111,561.2,,,,,
,,561.2,,0.00111,561.2,,,,,
,,561.2,,0.00111,561.2,,,,,
,,561.2,,0.00111,561.2,,,,,
,,561.2,,0.00111,561.2,,,,,
,,561.2,,0.00111,561.2,,,,,
,,561.2,,0.00111,561.2,,,,,
,,561.2,,0.00111,561.2,,,,,
,,561.2,,0.00111,561.2,,,,,
,,561.2,,0.00111,561.2,,,,,
,,561.2,,0.00111,561.2,,,,,
,,561.2,,0.00111,561.2,,,,,
,,561.2,,0.00111,561.2,,,,,
,,561.2,,0.00111,561.2,,,,,
,,561.2,,0.00111,561.2,,,,,
,,561.2,,0.00111,561.2,,,,,
,,561.2,,0.00111,561.2,,,,,
,,561.2,,0.00111,561.2,,,,,
,,561.2,,0.00111,561.2,,,,,
,,561.2,,0.00111,561.2,,,,,
,,561.2,,0.00111,561.2,,,,,
,,561.2,,0.00111,561.2,,,,,
,,561.2,,0.00111,561.2,,,,,
,,561.2,,0.00111,561.2,,,,,
,,561.2,,0.00111,561.2,,,,,
,,561.2,,0.00111,561.2,,,,,
,,561.2,,0.00111,561.2,,,,,
,,561.2,,0.00111,561.2,,,,,
,,561.2,,0.00111,561.2,,,,,
,,561.2,,0.00111,561.2,,,,,
,,561.2,,0.00111,561.2,,,,,
,,561.2,,0.00111,561.2,,,,,
,,561.2,,0.00111,561.2,,,,,
,,561.2,,0.00111,561.2,,,,,
,,561.2,,0.00111,561.2,,,,,
,,561.2,,0.00111,561.2,,,,,
,,561.2,,0.00111,561.2,,,,,
,,561.2,,0.00111,561.2,,,,,
,,561.2,,0.00111,561.2,,,,,
,,561.2,,0.00111,561.2,,,,,
,,561.2,,0.00111,561.2,,,,,
,,561.2,,0.00111,561.2,,,,,
,,561.2,,0.00111,561.2,,,,,
,,561.2,,0.00111,561.2,,,,,
,,561.2,,0.00111,561.2,,,,,
,,561.2,,0.00111,561.2,,,,,
,,561.2,,0.00111,561.2,,,,,
,,561.2,,0.00111,561.2,,,,,
,,561.2,,0.00111,561.2,,,,,
,,561.2,,0.00111,561.2,,,,,
,,561.2,,0.00111,561.2,,,,,
,,561.2,,0.00111,561.2,,,,,
,,561.2,,0.00111,561.2,,,,,
,,561.2,,0.00111,561.2,,,,,
,,561.2,,0.00111,561.2,,,,,
,,561.2,,0.00111,561.2,,,,,
,,561.2,,0.00111,561.2,,,,,
,,561.2,,0.00111,561.2,,,,,
,,561.2,,0.00111,561.2,,,,,
,,561.2,,0.00111,561.2,,,,,
,,561.2,,0.00111,561.2,,,,,
,,561.2,,0.00111,561.2,,,,,
,,561.2,,0.00111,561.2,,,,,
,,561.2,,0.00111,561.2,,,,,
,,561.2,,0.00111,561.2,,,,,
,,561.2,,0.00111,561.2,,,,,
,,561.2,,0.00111,561.2,,,,,
,,561.2,,0.00111,561.2,,,,,
,,561.2,,0.00111,561.2,,,,,
,,561.2,,0.00111,561.2,,,,,
,,561.2,,0.00111,561.2,,,,,
,,561.2,,0.00111,561.2,,,,,
,,561.2,,0.00111,561.2,,,,,
,,561.2,,0.00111,561.2,,,,,
,,561.2,,0.00111,561.2,,,,,
,,561.2,,0.00111,561.2,,,,,
,,561.2,,0.00111,561.2,,,,,
,,561.2,,0.00111,561.2,,,,,
,,561.2,,0.00111,561.2,,,,,
,,561.2,,0.00111,561.2,,,,,
,,561.2,,0.00111,561.2,,,,,
,,561.2,,0.00111,561.2,,,,,
,,561.2,,0.00111,561.2,,,,,
,,561.2,,0.00111,561.2,,,,,
,,561.2,,0.00111,561.2,,,,,
,,561.2,,0.00111,561.2,,,,,
,,561.2,,0.00111,561.2,,,,,
,,561.2,,0.00111,561.2,,,,,
,,561.2,,0.00111,561.2,,,,,
,,561.2,,0.00111,561.2,,,,,
,,561.2,,0.00111,561.2,,,,,
,,561.2,,0.00111,561.2,,,,,
,,561.2,,0.00111,561.2,,,,,
,,561.2,,0.00111,561.2,,,,,
,,561.2,,0.00111,561.2,,,,,
,,561.2,,0.00111,561.2,,,,,
,,561.2,,0.00111,561.2,,,,,
,,561.2,,0.00111,561.2,,,,,
,,561.2,,0.00111,561.2,,,,,
,,561.2,,0.00111,561.2,,,,,
,,561.2,,0.00111,561.2,,,,,
,,561.2,,0.00111,561.2,,,,,
,,561.2,,0.00111,561.2,,,,,
,,561.2,,0.00111,561.2,,,,,
,,561.2,,0.00111,561.2,,,,,
,,561.2,,0.00111,561.2,,,,,
,,561.2,,0.00111,561.2,,,,,
,,561.2,,0.00111,561.2,,,,,
,,561.2,,0.00111,561.2,,,,,
,,561.2,,0.00111,561.2,,,,,
,,561.2,,0.00111,561.2,,,,,
,,561.2,,0.00111,561.2,,,,,
,,561.2,,0.00111,561.2,,,,,
,,561.2,,0.00111,561.2,,,,,
,,561.2,,0.00111,561.2,,,,,
,,561.2,,0.00111,561.2,,,,,
,,561.2,,0.00111,561.2,,,,,
,,561.2,,0.00111,561.2,,,,,
,,561.2,,0.00111,561.2,,,,,
,,561.2,,0.00111,561.2,,,,,
,,561.2,,0.00111,561.2,,,,,
,,561.2,,0.00111,561.2,,,,,
,,561.2,,0.00111,561.2,,,,,
,,561.2,,0.00111,561.2,,,,,
,,561.2,,0.00111,561.2,,,,,
,,561.2,,0.00111,561.2,,,,,
,,561.2,,0.00111,561.2,,,,,
,,561.2,,0.00111,561.2,,,,,
,,561.2,,0.00111,561.2,,,,,
,,561.2,,0.00111,561.2,,,,,
,,561.2,,0.00111,561.2,,,,,
,,561.2,,0.00111,561.2,,,,,
,,561.2,,0.00111,561.2,,,,,
,,561.2,,0.00111,561.2,,,,,
,,561.2,,0.00111,561.2,,,,,
,,561.2,,0.00111,561.2,,,,,
,,561.2,,0.00111,561.2,,,,,
,,561.2,,0.00111,561.2,,,,,
,,561.2,,0.00111,561.2,,,,,
,,561.2,,0.00111,561.2,,,,,
,,561.2,,0.00111,561.2,,,,,
,,561.2,,0.00111,561.2,,,,,
,,561.2,,0.00111,561.2,,,,,
,,561.2,,0.00111,561.2,,,,,
,,561.2,,0.00111,561.2,,,,,
,,561.2,,0.00111,561.2,,,,,
,,561.2,,0.00111,561.2,,,,,
,,561.2,,0.00111,561.2,,,,,
,,561.2,,0.00111,561.2,,,,,
,,561.2,,0.00111,561.2,,,,,
,,561.2,,0.00111,561.2,,,,,
,,561.2,,0.00111,561.2,,,,,
,,561.2,,0.00111,561.2,,,,,
,,561.2,,0.00111,561.2,,,,,
,,561.2,,0.00111,561.2,,,,,
,,561.2,,0.00111,561.2,,,,,
,,561.2,,0.00111,561.2,,,,,
,,561.2,,0.00111,561.2,,,,,
,,561.2,,0.00111,561.2,,,,,
,,561.2,,0.00111,561.2,,,,,
,,561.2,,0.00111,561.2,,,,,
,,561.2,,0.00111,561.2,,,,,
,,561.2,,0.00111,561.2,,,,,
,,561.2,,0.00111,561.2,,,,,
,,561.2,,0.00111,561.2,,,,,
,,561.2,,0.00111,561.2,,,,,
,,561.2,,0.00111,561.2,,,,,
,,561.2,,0.00111,561.2,,,,,
,,561.2,,0.00111,561.2,,,,,
,,561.2,,0.00111,561.2,,,,,
,,561.2,,0.00111,561.2,,,,,
,,561.2,,0.00111,561.2,,,,,
,,561.2,,0.00111,561.2,,,,,
,,561.2,,0.00111,561.2,,,,,
,,561.2,,0.00111,561.2,,,,,
,,561.2,,0.00111,561.2,,,,,
,,561.2,,0.00111,561.2,,,,,
,,561.2,,0.00111,561.2,,,,,
,,561.2,,0.00111,561.2,,,,,
,,561.2,,0.00111,561.2,,,,,
,,561.2,,0.00111,561.2,,,,,
,,561.2,,0.00111,561.2,,,,,
,,561.2,,0.00111,561.2,,,,,
,,561.2,,0.00111,561.2,,,,,
,,561.2,,0.00111,561.2,,,,,
,,561.2,,0.00111,561.2,,,,,
,,561.2,,0.00111,561.2,,,,,
,,561.2,,0.00111,561.2,,,,,
,,561.2,,0.00111,561.2,,,,,
,,561.2,,0.00111,561.2,,,,,
,,561.2,,0.00111,561.2,,,,,
,,561.2,,0.00111,561.2,,,,,
,,561.2,,0.00111,561.2,,,,,
,,561.2,,0.00111,561.2,,,,,
,,561.2,,0.00111,561.2,,,,,
,,561.2,,0.00111,561.2,,,,,
,,561.2,,0.00111,561.2,,,,,
,,561.2,,0.00111,561.2,,,,,
,,561.2,,0.00111,561.2,,,,,
,,561.2,,0.00111,561.2,,,,,
,,561.2,,0.00111,561.2,,,,,
,,561.2,,0.00111,561.2,,,,,
,,561.2,,0.00111,561.2,,,,,
,,561.2,,0.00111,561.2,,,,,
,,561.2,,0.00111,561.2,,,,,
,,561.2,,0.00111,561.2,,,,,
,,561.2,,0.00111,561.2,,,,,
,,561.2,,0.00111,561.2,,,,,
,,561.2,,0.00111,561.2,,,,,
,,561.2,,0.00111,561.2,,,,,
,,561.2,,0.00111,561.2,,,,,
,,561.2,,0.00111,561.2,,,,,
,,561.2,,0.00111,561.2,,,,,
,,561.2,,0.00111,561.2,,,,,
,,561.2,,0.00111,561.2,,,,,
,,561.2,,0.00111,561.2,,,,,
,,561.2,,0.00111,561.2,,,,,
,,561.2,,0.00111,561.2,,,,,
,,561.2,,0.00111,561.2,,,,,
,,561.2,,0.00111,561.2,,,,,
,,561.2,,0.00111,561.2,,,,,
,,561.2,,0.00111,561.2,,,,,
,,561.2,,0.00111,561.2,,,,,
,,561.2,,0.00111,561.2,,,,,
,,561.2,,0.00111,561.2,,,,,
,,561.2,,0.00111,561.2,,,,,
,,561.2,,0.00111,561.2,,,,,
,,561.2,,0.00111,561.2,,,,,
,,561.2,,0.00111,561.2,,,,,
,,561.2,,0.00111,561.2,,,,,
,,561.2,,0.00111,561.2,,,,,
,,561.2,,0.00111,561.2,,,,,
,,561.2,,0.00111,561.2,,,,,
,,561.2,,0.00111,561.2,,,,,
,,561.2,,0.00111,561.2,,,,,
,,561.2,,0.00111,561.2,,,,,
,,561.2,,0.00111,561.2,,,,,
,,561.2,,0.00111,561.2,,,,,
,,561.2,,0.00111,561.2,,,,,
,,561.2,,0.00111,561.2,,,,,
,,561.2,,0.00111,561.2,,,,,
,,561.2,,0.00111,561.2,,,,,
,,561.2,,0.00111,561.2,,,,,
,,561.2,,0.00111,561.2,,,,,
,,561.2,,0.00111,561.2,,,,,
,,561.2,,0.00111,561.2,,,,,
,,561.2,,0.00111,561.2,,,,,
,,561.2,,0.00111,561.2,,,,,
,,561.2,,0.00111,561.2,,,,,
,,561.2,,0.00111,561.2,,,,,
,,561.2,,0.00111,561.2,,,,,
,,561.2,,0.00111,561.2,,,,,
,,561.2,,0.00111,561.2,,,,,
,,561.2,,0.00111,561.2,,,,,
,,561.2,,0.00111,561.2,,,,,
,,561.2,,0.00111,561.2,,,,,
,,561.2,,0.00111,561.2,,,,,
,,561.2,,0.00111,561.2,,,,,
,,561.2,,0.00111,561.2,,,,,
,,561.2,,0.00111,561.2,,,,,
,,561.2,,0.00111,561.2,,,,,
,,561.2,,0.00111,561.2,,,,,
,,561.2,,0.00111,561.2,,,,,
,,561.2,,0.00111,561.2,,,,,
,,561.2,,0.00111,561.2,,,,,
,,561.2,,0.00111,561.2,,,,,
,,561.2,,0.00111,561.2,,,,,
,,561.2,,0.00111,561.2,,,,,
,,561.2,,0.00111,561.2,,,,,
,,561.2,,0.00111,561.2,,,,,
,,561.2,,0.00111,561.2,,,,,
,,561.2,,0.00111,561.2,,,,,
,,561.2,,0.00111,561.2,,,,,
,,561.2,,0.00111,561.2,,,,,
,,561.2,,0.00111,561.2,,,,,
,,561.2,,0.00111,561.2,,,,,
,,561.2,,0.00111,561.2,,,,,
,,561.2,,0.00111,561.2,,,,,
,,561.2,,0.00111,561.2,,,,,
,,561.2,,0.00111,561.2,,,,,
,,561.2,,0.00111,561.2,,,,,
,,561.2,,0.00111,561.2,,,,,
,,561.2,,0.00111,561.2,,,,,
,,561.2,,0.00111,561.2,,,,,
,,561.2,,0.00111,561.2,,,,,
,,561.2,,0.00111,561.2,,,,,
,,561.2,,0.00111,561.2,,,,,
,,561.2,,0.00111,561.2,,,,,
,,561.2,,0.00111,561.2,,,,,
,,561.2,,0.00111,561.2,,,,,
,,561.2,,0.00111,561.2,,,,,
,,561.2,,0.00111,561.2,,,,,
,,561.2,,0.00111,561.2,,,,,
,,561.2,,0.00111,561.2,,,,,
,,561.2,,0.00111,561.2,,,,,
,,561.2,,0.00111,561.2,,,,,
,,561.2,,0.00111,561.2,,,,,
,,561.2,,0.00111,561.2,,,,,
,,561.2,,0.00111,561.2,,,,,
,,561.2,,0.00111,561.2,,,,,
,,561.2,,0.00111,561.2,,,,,
,,561.2,,0.00111,561.2,,,,,
,,561.2,,0.00111,561.2,,,,,
,,561.2,,0.00111,561.2,,,,,
,,561.2,,0.00111,561.2,,,,,
,,561.2,,0.00111,561.2,,,,,
,,561.2,,0.00111,561.2,,,,,
,,561.2,,0.00111,561.2,,,,,
,,561.2,,0.00111,561.2,,,,,
,,561.2,,0.00111,561.2,,,,,
,,561.2,,0.00111,561.2,,,,,
,,561.2,,0.00111,561.2,,,,,
,,561.2,,0.00111,561.2,,,,,
,,561.2,,0.00111,561.2,,,,,
,,561.2,,0.00111,561.2,,,,,
,,561.2,,0.00111,561.2,,,,,
,,561.2,,0.00111,561.2,,,,,
,,561.2,,0.00111,561.2,,,,,
,,561.2,,0.00111,561.2,,,,,
,,561.2,,0.00111,561.2,,,,,
,,561.2,,0.00111,561.2,,,,,
,,561.2,,0.00111,561.2,,,,,
,,561.2,,0.00111,561.2,,,,,
,,561.2,,0.00111,561.2,,,,,
,,561.2,,0.00111,561.2,,,,,
,,561.2,,0.00111,561.2,,,,,
,,561.2,,0.00111,561.2,,,,,
,,561.2,,0.00111,561.2,,,,,
,,561.2,,0.00111,561.2,,,,,
,,561.2,,0.00111,561.2,,,,,
,,561.2,,0.00111,561.2,,,,,
,,561.2,,0.00111,561.2,,,,,
,,561.2,,0.00111,561.2,,,,,
,,561.2,,0.00111,561.2,,,,,
,,561.2,,0.00111,561.2,,,,,
,,561.2,,0.00111,561.2,,,,,
,,561.2,,0.00111,561.2,,,,,
,,561.2,,0.00111,561.2,,,,,
,,561.2,,0.00111,561.2,,,,,
,,561.2,,0.00111,561.2,,,,,
,,561.2,,0.00111,561.2,,,,,
,,561.2,,0.00111,561.2,,,,,
,,561.2,,0.00111,561.2,,,,,
,,561.2,,0.00111,561.2,,,,,
,,561.2,,0.00111,561.2,,,,,
,,561.2,,0.00111,561.2,,,,,
,,561.2,,0.00111,561.2,,,,,
,,561.2,,0.00111,561.2,,,,,
,,561.2,,0.00111,561.2,,,,,
,,561.2,,0.00111,561.2,,,,,
,,561.2,,0.00111,561.2,,,,,
,,561.2,,0.00111,561.2,,,,,
,,561.2,,0.00111,561.2,,,,,
,,561.2,,0.00111,561.2,,,,,
,,561.2,,0.00111,561.2,,,,,
,,561.2,,0.00111,561.2,,,,,
,,561.2,,0.00111,561.2,,,,,
,,561.2,,0.00111,561.2,,,,,
,,561.2,,0.00111,561.2,,,,,
,,561.2,,0.00111,561.2,,,,,
,,561.2,,0.00111,561.2,,,,,
,,561.2,,0.00111,561.2,,,,,
,,561.2,,0.00111,561.2,,,,,
,,561.2,,0.00111,561.2,,,,,
,,561.2,,0.00111,561.2,,,,,
,,561.2,,0.00111,561.2,,,,,
,,561.2,,0.00111,561.2,,,,,
,,561.2,,0.00111,561.2,,,,,
,,561.2,,0.00111,561.2,,,,,
,,561.2,,0.00111,561.2,,,,,
,,561.2,,0.00111,561.2,,,,,
,,561.2,,0.00111,561.2,,,,,
,,561.2,,0.00111,561.2,,,,,
,,561.2,,0.00111,561.2,,,,,
,,561.2,,0.00111,561.2,,,,,
,,561.2,,0.00111,561.2,,,,,
,,561.2,,0.00111,561.2,,,,,
,,561.2,,0.00111,561.2,,,,,
,,561.2,,0.00111,561.2,,,,,
,,561.2,,0.00111,561.2,,,,,
,,561.2,,0.00111,561.2,,,,,
,,561.2,,0.00111,561.2,,,,,
,,561.2,,0.00111,561.2,,,,,
,,561.2,,0.00111,561.2,,,,,
,,561.2,,0.00111,561.2,,,,,
,,561.2,,0.00111,561.2,,,,,
,,561.2,,0.00111,561.2,,,,,
,,561.2,,0.00111,561.2,,,,,
,,561.2,,0.00111,561.2,,,,,
,,561.2,,0.00111,561.2,,,,,
,,561.2,,0.00111,561.2,,,,,
,,561.2,,0.00111,561.2,,,,,
,,561.2,,0.00111,561.2,,,,,
,,561.2,,0.00111,561.2,,,,,
,,561.2,,0.00111,561.2,,,,,
,,561.2,,0.00111,561.2,,,,,
,,561.2,,0.00111,561.2,,,,,
,,561.2,,0.00111,561.2,,,,,
,,561.2,,0.00111,561.2,,,,,
,,561.2,,0.00111,561.2,,,,,
,,561.2,,0.00111,561.2,,,,,
,,561.2,,0.00111,561.2,,,,,
,,561.2,,0.00111,561.2,,,,,
,,561.2,,0.00111,561.2,,,,,
,,561.2,,0.00111,561.2,,,,,
,,561.2,,0.00111,561.2,,,,,
,,561.2,,0.00111,561.2,,,,,
,,561.2,,0.00111,561.2,,,,,
,,561.2,,0.00111,561.2,,,,,
,,561.2,,0.00111,561.2,,,,,
,,561.2,,0.00111,561.2,,,,,
,,561.2,,0.00111,561.2,,,,,
,,561.2,,0.00111,561.2,,,,,
,,561.2,,0.00111,561.2,,,,,
,,561.2,,0.00111,561.2,,,,,
,,561.2,,0.00111,561.2,,,,,
,,561.2,,0.00111,561.2,,,,,
,,561.2,,0.00111,561.2,,,,,
,,561.2,,0.00111,561.2,,,,,
,,561.2,,0.00111,561.2,,,,,
,,561.2,,0.00111,561.2,,,,,
,,561.2,,0.00111,561.2,,,,,
,,561.2,,0.00111,561.2,,,,,
,,561.2,,0.00111,561.2,,,,,
,,561.2,,0.00111,561.2,,,,,
,,561.2,,0.00111,561.2,,,,,
,,561.2,,0.00111,561.2,,,,,
,,561.2,,0.00111,561.2,,,,,
,,561.2,,0.00111,561.2,,,,,
,,561.2,,0.00111,561.2,,,,,
,,561.2,,0.00111,561.2,,,,,
,,561.2,,0.00111,561.2,,,,,
,,561.2,,0.00111,561.2,,,,,
,,561.2,,0.00111,561.2,,,,,
,,561.2,,0.00111,561.2,,,,,
,,561.2,,0.00111,561.2,,,,,
,,561.2,,0.00111,561.2,,,,,
,,561.2,,0.00111,561.2,,,,,
,,561.2,,0.00111,561.2,,,,,
,,561.2,,0.00111,561.2,,,,,
,,561.2,,0.00111,561.2,,,,,
,,561.2,,0.00111,561.2,,,,,
,,561.2,,0.00111,561.2,,,,,