time,Data,Grams,Newtons,multiplier,offset
34,-428789,85.24421,,0.00111,561.2
86,-428758,85.27862,,0.00111,561.2
171,-428436,85.63604,,0.00111,561.2
255,-428478,85.58942,,0.00111,561.2
339,-428690,85.3541,,0.00111,561.2
423,-428511,85.55279,,0.00111,561.2
507,-428286,85.80254,,0.00111,561.2
592,-428209,85.88801,,0.00111,561.2
676,-428315,85.77035,,0.00111,561.2
760,-428422,85.65158,,0.00111,561.2
844,-428449,85.62161,,0.00111,561.2
928,-428572,85.48508,,0.00111,561.2
1013,-429060,84.9434,,0.00111,561.2
1097,-429368,84.60152,,0.00111,561.2
1181,-429378,84.59042,,0.00111,561.2
1265,-429341,84.63149,,0.00111,561.2
1349,-429381,84.58709,,0.00111,561.2
1433,-429416,84.54824,,0.00111,561.2
1518,-429380,84.5882,,0.00111,561.2
1602,-429349,84.62261,,0.00111,561.2
1686,-429320,84.6548,,0.00111,561.2
1770,-429334,84.63926,,0.00111,561.2
1854,-429361,84.60929,,0.00111,561.2
1939,-429329,84.64481,,0.00111,561.2
2023,-429282,84.69698,,0.00111,561.2
2107,-429239,84.74471,,0.00111,561.2
2191,-429276,84.70364,,0.00111,561.2
2275,-429300,84.677,,0.00111,561.2
2359,-429299,84.67811,,0.00111,561.2
2444,-429269,84.71141,,0.00111,561.2
2528,-429260,84.7214,,0.00111,561.2
2612,-429257,84.72473,,0.00111,561.2
2696,-429261,84.72029,,0.00111,561.2
2780,-429243,84.74027,,0.00111,561.2
2865,-429242,84.74138,,0.00111,561.2
2949,-429245,84.73805,,0.00111,561.2
3033,-429230,84.7547,,0.00111,561.2
3117,-429215,84.77135,,0.00111,561.2
3201,-429180,84.8102,,0.00111,561.2
3286,-429184,84.80576,,0.00111,561.2
3370,-429191,84.79799,,0.00111,561.2
3454,-429151,84.84239,,0.00111,561.2
3538,-429141,84.85349,,0.00111,561.2
3622,-429148,84.84572,,0.00111,561.2
3706,-429135,84.86015,,0.00111,561.2
3791,-429082,84.91898,,0.00111,561.2
3875,-429064,84.93896,,0.00111,561.2
3959,-429058,84.94562,,0.00111,561.2
4043,-429127,84.86903,,0.00111,561.2
4127,-429163,84.82907,,0.00111,561.2
4212,-429248,84.73472,,0.00111,561.2
4296,-429257,84.72473,,0.00111,561.2
4380,-429137,84.85793,,0.00111,561.2
4464,-429046,84.95894,,0.00111,561.2
4548,-429115,84.88235,,0.00111,561.2
4632,-429132,84.86348,,0.00111,561.2
4717,-429110,84.8879,,0.00111,561.2
4801,-429118,84.87902,,0.00111,561.2
4885,-429128,84.86792,,0.00111,561.2
4969,-429099,84.90011,,0.00111,561.2
5053,-429085,84.91565,,0.00111,561.2
5138,-429060,84.9434,,0.00111,561.2
5222,-429037,84.96893,,0.00111,561.2
5306,-429054,84.95006,,0.00111,561.2
5390,-429123,84.87347,,0.00111,561.2
5474,-429171,84.82019,,0.00111,561.2
5558,-429242,84.74138,,0.00111,561.2
5643,-429262,84.71918,,0.00111,561.2
5727,-429215,84.77135,,0.00111,561.2
5811,-429149,84.84461,,0.00111,561.2
5895,-429150,84.8435,,0.00111,561.2
5979,-429119,84.87791,,0.00111,561.2
6064,-429136,84.85904,,0.00111,561.2
6148,-429178,84.81242,,0.00111,561.2
6232,-429139,84.85571,,0.00111,561.2
6316,-429147,84.84683,,0.00111,561.2
6400,-429115,84.88235,,0.00111,561.2
6485,-429100,84.899,,0.00111,561.2
6569,-429105,84.89345,,0.00111,561.2
6653,-429091,84.90899,,0.00111,561.2
6737,-429091,84.90899,,0.00111,561.2
6821,-429110,84.8879,,0.00111,561.2
6905,-429084,84.91676,,0.00111,561.2
6990,-429005,85.00445,,0.00111,561.2
7074,-428984,85.02776,,0.00111,561.2
7158,-428992,85.01888,,0.00111,561.2
7242,-428929,85.08881,,0.00111,561.2
7326,-428951,85.06439,,0.00111,561.2
7411,-428981,85.03109,,0.00111,561.2
7495,-429022,84.98558,,0.00111,561.2
7579,-428999,85.01111,,0.00111,561.2
7663,-428979,85.03331,,0.00111,561.2
7747,-428956,85.05884,,0.00111,561.2
7832,-428798,85.23422,,0.00111,561.2
7916,-428346,85.73594,,0.00111,561.2
8000,-428030,86.0867,,0.00111,561.2
8084,-427971,86.15219,,0.00111,561.2
8168,-427926,86.20214,,0.00111,561.2
8252,-427909,86.22101,,0.00111,561.2
8337,-427868,86.26652,,0.00111,561.2
8421,-421658,93.15962,,0.00111,561.2
8505,-377338,142.35482,,0.00111,561.2
8589,-237445,297.63605,,0.00111,561.2
8673,115550,689.4605,,0.00111,561.2
8758,251975,840.89225,,0.00111,561.2
8842,-217024,320.30336,,0.00111,561.2
8926,-426880,87.3632,,0.00111,561.2
9010,-430405,83.45045,,0.00111,561.2
9094,-428970,85.0433,,0.00111,561.2
9179,-427956,86.16884,,0.00111,561.2
9263,-427261,86.94029,,0.00111,561.2
9347,-427073,87.14897,,0.00111,561.2
9431,-427103,87.11567,,0.00111,561.2
9515,-426776,87.47864,,0.00111,561.2
9599,-426536,87.74504,,0.00111,561.2
9684,-426327,87.97703,,0.00111,561.2
9768,-426119,88.20791,,0.00111,561.2
9852,-426001,88.33889,,0.00111,561.2
9936,-425953,88.39217,,0.00111,561.2
10020,-425772,88.59308,,0.00111,561.2
10105,-425584,88.80176,,0.00111,561.2
10189,-425600,88.784,,0.00111,561.2
10273,-425578,88.80842,,0.00111,561.2
10357,-425519,88.87391,,0.00111,561.2
10441,-425502,88.89278,,0.00111,561.2
10526,-425411,88.99379,,0.00111,561.2
10610,-425368,89.04152,,0.00111,561.2
10694,-425386,89.02154,,0.00111,561.2
10778,-425368,89.04152,,0.00111,561.2
10862,-425318,89.09702,,0.00111,561.2
10946,-425266,89.15474,,0.00111,561.2
11031,-425237,89.18693,,0.00111,561.2
11115,-425258,89.16362,,0.00111,561.2
11199,-425277,89.14253,,0.00111,561.2
11283,-425244,89.17916,,0.00111,561.2
11367,-425186,89.24354,,0.00111,561.2
11452,-425222,89.20358,,0.00111,561.2
11536,-425266,89.15474,,0.00111,561.2
11620,-425274,89.14586,,0.00111,561.2
11704,-425327,89.08703,,0.00111,561.2
11788,-425313,89.10257,,0.00111,561.2
11873,-425281,89.13809,,0.00111,561.2
11957,-425331,89.08259,,0.00111,561.2
12041,-425323,89.09147,,0.00111,561.2
12125,-425286,89.13254,,0.00111,561.2
12209,-425292,89.12588,,0.00111,561.2
12294,-425238,89.18582,,0.00111,561.2
12378,-425260,89.1614,,0.00111,561.2
12462,-425298,89.11922,,0.00111,561.2
12546,-425310,89.1059,,0.00111,561.2
12630,-425272,89.14808,,0.00111,561.2
12715,-425277,89.14253,,0.00111,561.2
12799,-425354,89.05706,,0.00111,561.2
12883,-425354,89.05706,,0.00111,561.2
12967,-425337,89.07593,,0.00111,561.2
13051,-425281,89.13809,,0.00111,561.2
13135,-425260,89.1614,,0.00111,561.2
13220,-425273,89.14697,,0.00111,561.2
13304,-425274,89.14586,,0.00111,561.2
13388,-425336,89.07704,,0.00111,561.2
13472,-425325,89.08925,,0.00111,561.2
13556,-425326,89.08814,,0.00111,561.2
13641,-425316,89.09924,,0.00111,561.2
13725,-425352,89.05928,,0.00111,561.2
13809,-425377,89.03153,,0.00111,561.2
13893,-425334,89.07926,,0.00111,561.2
13977,-425321,89.09369,,0.00111,561.2
14062,-425329,89.08481,,0.00111,561.2
14146,-425300,89.117,,0.00111,561.2
14230,-425319,89.09591,,0.00111,561.2
14314,-425333,89.08037,,0.00111,561.2
14398,-425332,89.08148,,0.00111,561.2
14482,-425336,89.07704,,0.00111,561.2
14567,-425305,89.11145,,0.00111,561.2
14651,-425309,89.10701,,0.00111,561.2
14735,-425342,89.07038,,0.00111,561.2
14819,-425369,89.04041,,0.00111,561.2
14903,-425340,89.0726,,0.00111,561.2
14988,-425349,89.06261,,0.00111,561.2
15072,-425378,89.03042,,0.00111,561.2
15156,-425385,89.02265,,0.00111,561.2
15240,-425381,89.02709,,0.00111,561.2
15324,-425338,89.07482,,0.00111,561.2
15409,-425334,89.07926,,0.00111,561.2
15493,-425348,89.06372,,0.00111,561.2
15577,-425386,89.02154,,0.00111,561.2
15661,-425366,89.04374,,0.00111,561.2
15745,-425319,89.09591,,0.00111,561.2
15830,-425331,89.08259,,0.00111,561.2
15914,-425368,89.04152,,0.00111,561.2
15998,-425367,89.04263,,0.00111,561.2
16082,-425361,89.04929,,0.00111,561.2
16166,-425353,89.05817,,0.00111,561.2
16250,-425324,89.09036,,0.00111,561.2
16335,-425320,89.0948,,0.00111,561.2
16419,-425311,89.10479,,0.00111,561.2
16503,-425296,89.12144,,0.00111,561.2
16587,-425334,89.07926,,0.00111,561.2
16671,-425335,89.07815,,0.00111,561.2
16756,-425332,89.08148,,0.00111,561.2
16840,-425357,89.05373,,0.00111,561.2
16924,-425324,89.09036,,0.00111,561.2
17008,-425301,89.11589,,0.00111,561.2
17092,-425272,89.14808,,0.00111,561.2
17177,-425141,89.29349,,0.00111,561.2
17261,-425075,89.36675,,0.00111,561.2
17345,-425087,89.35343,,0.00111,561.2
17429,-425081,89.36009,,0.00111,561.2
17513,-425072,89.37008,,0.00111,561.2
17597,-425036,89.41004,,0.00111,561.2
17682,-424973,89.47997,,0.00111,561.2
17766,-424908,89.55212,,0.00111,561.2
17850,-424866,89.59874,,0.00111,561.2
17934,-424936,89.52104,,0.00111,561.2
18018,-425005,89.44445,,0.00111,561.2
18103,-425029,89.41781,,0.00111,561.2
18187,-425034,89.41226,,0.00111,561.2
18271,-425046,89.39894,,0.00111,561.2
18355,-425130,89.3057,,0.00111,561.2
18439,-425109,89.32901,,0.00111,561.2
18524,-425277,89.14253,,0.00111,561.2
18608,-425386,89.02154,,0.00111,561.2
18692,-425489,88.90721,,0.00111,561.2
18776,-425712,88.65968,,0.00111,561.2
18860,-426267,88.04363,,0.00111,561.2
18945,-427069,87.15341,,0.00111,561.2
19029,-427792,86.35088,,0.00111,561.2
19113,-428493,85.57277,,0.00111,561.2
19197,-429836,84.08204,,0.00111,561.2
19281,-431309,82.44701,,0.00111,561.2
19365,-430958,82.83662,,0.00111,561.2
19450,-430515,83.32835,,0.00111,561.2
19534,-430272,83.59808,,0.00111,561.2
19618,-429932,83.97548,,0.00111,561.2
19702,-429636,84.30404,,0.00111,561.2
19786,-429172,84.81908,,0.00111,561.2
19871,-429235,84.74915,,0.00111,561.2
19955,-429972,83.93108,,0.00111,561.2
20039,-430644,83.18516,,0.00111,561.2
20123,-430277,83.59253,,0.00111,561.2
20207,-429057,84.94673,,0.00111,561.2
20292,-429150,84.8435,,0.00111,561.2
20376,-430237,83.63693,,0.00111,561.2
20460,-431855,81.84095,,0.00111,561.2
20544,-433707,79.78523,,0.00111,561.2
20628,-433292,80.24588,,0.00111,561.2
20712,-431047,82.73783,,0.00111,561.2
20797,-430212,83.66468,,0.00111,561.2
20881,-429692,84.24188,,0.00111,561.2
20965,-429361,84.60929,,0.00111,561.2
21049,-429398,84.56822,,0.00111,561.2
21133,-429575,84.37175,,0.00111,561.2
21218,-429144,84.85016,,0.00111,561.2
21302,-428131,85.97459,,0.00111,561.2
21386,-423628,90.97292,,0.00111,561.2
21470,-419155,95.93795,,0.00111,561.2
21554,-418784,96.34976,,0.00111,561.2
21639,-420653,94.27517,,0.00111,561.2
21723,-424240,90.2936,,0.00111,561.2
21807,-425731,88.63859,,0.00111,561.2
21891,-425080,89.3612,,0.00111,561.2
21975,-423074,91.58786,,0.00111,561.2
22060,-420265,94.70585,,0.00111,561.2
22144,-419559,95.48951,,0.00111,561.2
22228,-421100,93.779,,0.00111,561.2
22312,-421299,93.55811,,0.00111,561.2
22396,-420939,93.95771,,0.00111,561.2
22480,-419833,95.18537,,0.00111,561.2
22565,-422207,92.55023,,0.00111,561.2
22649,-421518,93.31502,,0.00111,561.2
22733,-420403,94.55267,,0.00111,561.2
22817,-420022,94.97558,,0.00111,561.2
22901,-419896,95.11544,,0.00111,561.2
22986,-420448,94.50272,,0.00111,561.2
23070,-423262,91.37918,,0.00111,561.2
23154,-425367,89.04263,,0.00111,561.2
23238,-425459,88.94051,,0.00111,561.2
23322,-425395,89.01155,,0.00111,561.2
23407,-425340,89.0726,,0.00111,561.2
23491,-425333,89.08037,,0.00111,561.2
23575,-425350,89.0615,,0.00111,561.2
23659,-425347,89.06483,,0.00111,561.2
23743,-425306,89.11034,,0.00111,561.2
23827,-425286,89.13254,,0.00111,561.2
23912,-425251,89.17139,,0.00111,561.2
23996,-425208,89.21912,,0.00111,561.2
24080,-425038,89.40782,,0.00111,561.2
24164,-423100,91.559,,0.00111,561.2
24248,-420885,94.01765,,0.00111,561.2
24333,-421617,93.20513,,0.00111,561.2
24417,-425739,88.62971,,0.00111,561.2
24501,-426644,87.62516,,0.00111,561.2
24585,-418413,96.76157,,0.00111,561.2
24669,-410589,105.44621,,0.00111,561.2
24754,-396932,120.60548,,0.00111,561.2
24838,-379307,140.16923,,0.00111,561.2
24922,-390068,128.22452,,0.00111,561.2
25006,-408611,107.64179,,0.00111,561.2
25090,-411032,104.95448,,0.00111,561.2
25175,-403801,112.98089,,0.00111,561.2
25259,-384083,134.86787,,0.00111,561.2
25343,-364478,156.62942,,0.00111,561.2
25427,-349206,173.58134,,0.00111,561.2
25511,-332004,192.67556,,0.00111,561.2
25595,-300786,227.32754,,0.00111,561.2
25680,-288429,241.04381,,0.00111,561.2
25764,-320716,205.20524,,0.00111,561.2
25848,-394999,122.75111,,0.00111,561.2
25932,-421870,92.9243,,0.00111,561.2
26016,-422782,91.91198,,0.00111,561.2
26101,-422654,92.05406,,0.00111,561.2
26185,-422619,92.09291,,0.00111,561.2
26269,-422618,92.09402,,0.00111,561.2
26353,-422651,92.05739,,0.00111,561.2
26437,-422706,91.99634,,0.00111,561.2
26522,-422710,91.9919,,0.00111,561.2
26606,-422639,92.07071,,0.00111,561.2
26690,-422503,92.22167,,0.00111,561.2
26774,-422447,92.28383,,0.00111,561.2
26858,-422485,92.24165,,0.00111,561.2
26943,-422477,92.25053,,0.00111,561.2
27027,-422501,92.22389,,0.00111,561.2
27111,-422500,92.225,,0.00111,561.2
27195,-422537,92.18393,,0.00111,561.2
27279,-422634,92.07626,,0.00111,561.2
27363,-422715,91.98635,,0.00111,561.2
27448,-422155,92.60795,,0.00111,561.2
27532,-420580,94.3562,,0.00111,561.2
27616,-419203,95.88467,,0.00111,561.2
27700,-409920,106.1888,,0.00111,561.2
27784,-386262,132.44918,,0.00111,561.2
27869,-373126,147.03014,,0.00111,561.2
27953,-376678,143.08742,,0.00111,561.2
28037,-382851,136.23539,,0.00111,561.2
28121,-385372,133.43708,,0.00111,561.2
28205,-389448,128.91272,,0.00111,561.2
28290,-387983,130.53887,,0.00111,561.2
28374,-383797,135.18533,,0.00111,561.2
28458,-383714,135.27746,,0.00111,561.2
28542,-377526,142.14614,,0.00111,561.2
28626,-305585,222.00065,,0.00111,561.2
28711,-147679,397.27631,,0.00111,561.2
28795,-41235,515.42915,,0.00111,561.2
28879,-86708,464.95412,,0.00111,561.2
28963,-316059,210.37451,,0.00111,561.2
29047,-417665,97.59185,,0.00111,561.2
29131,-421830,92.9687,,0.00111,561.2
29216,-421181,93.68909,,0.00111,561.2
29300,-420780,94.1342,,0.00111,561.2
29384,-420536,94.40504,,0.00111,561.2
29468,-420408,94.54712,,0.00111,561.2
29552,-420300,94.667,,0.00111,561.2
29637,-420137,94.84793,,0.00111,561.2
29721,-419925,95.08325,,0.00111,561.2
29805,-419891,95.12099,,0.00111,561.2
29889,-419888,95.12432,,0.00111,561.2
29973,-420354,94.60706,,0.00111,561.2
30058,-420585,94.35065,,0.00111,561.2
30142,-420499,94.44611,,0.00111,561.2
30226,-420272,94.69808,,0.00111,561.2
30310,-420014,94.98446,,0.00111,561.2
30394,-419940,95.0666,,0.00111,561.2
30478,-416223,99.19247,,0.00111,561.2
30563,-399057,118.24673,,0.00111,561.2
30647,-389996,128.30444,,0.00111,561.2
30731,-405826,110.73314,,0.00111,561.2
30815,-426477,87.81053,,0.00111,561.2
30899,-429322,84.65258,,0.00111,561.2
30984,-429019,84.98891,,0.00111,561.2
31068,-428612,85.44068,,0.00111,561.2
31152,-427839,86.29871,,0.00111,561.2
31236,-427162,87.05018,,0.00111,561.2
31320,-427091,87.12899,,0.00111,561.2
31404,-427161,87.05129,,0.00111,561.2
31489,-427191,87.01799,,0.00111,561.2
31573,-427391,86.79599,,0.00111,561.2
31657,-427895,86.23655,,0.00111,561.2
31741,-428420,85.6538,,0.00111,561.2
31825,-428705,85.33745,,0.00111,561.2
31910,-428681,85.36409,,0.00111,561.2
31994,-428630,85.4207,,0.00111,561.2
32078,-428594,85.46066,,0.00111,561.2
32162,-428502,85.56278,,0.00111,561.2
32246,-428479,85.58831,,0.00111,561.2
32331,-428461,85.60829,,0.00111,561.2
32415,-428386,85.69154,,0.00111,561.2
32499,-428353,85.72817,,0.00111,561.2
32583,-428301,85.78589,,0.00111,561.2
32667,-428242,85.85138,,0.00111,561.2
32751,-428213,85.88357,,0.00111,561.2
32836,-428183,85.91687,,0.00111,561.2
32920,-428148,85.95572,,0.00111,561.2
33004,-428102,86.00678,,0.00111,561.2
33088,-428064,86.04896,,0.00111,561.2
33172,-428003,86.11667,,0.00111,561.2
33257,-427946,86.17994,,0.00111,561.2
33341,-427909,86.22101,,0.00111,561.2
33425,-427895,86.23655,,0.00111,561.2
33509,-427860,86.2754,,0.00111,561.2
33593,-427827,86.31203,,0.00111,561.2
33678,-427781,86.36309,,0.00111,561.2
33762,-427799,86.34311,,0.00111,561.2
33846,-427778,86.36642,,0.00111,561.2
33930,-427779,86.36531,,0.00111,561.2
34014,-427774,86.37086,,0.00111,561.2
34098,-427722,86.42858,,0.00111,561.2
34183,-427642,86.51738,,0.00111,561.2
34267,-427644,86.51516,,0.00111,561.2
34351,-427650,86.5085,,0.00111,561.2
34435,-427646,86.51294,,0.00111,561.2
34519,-427614,86.54846,,0.00111,561.2
34604,-427550,86.6195,,0.00111,561.2
34688,-427565,86.60285,,0.00111,561.2
34772,-427522,86.65058,,0.00111,561.2
34856,-427492,86.68388,,0.00111,561.2
34940,-427508,86.66612,,0.00111,561.2
35025,-427496,86.67944,,0.00111,561.2
35109,-427480,86.6972,,0.00111,561.2
35193,-427496,86.67944,,0.00111,561.2
35277,-427466,86.71274,,0.00111,561.2
35361,-427425,86.75825,,0.00111,561.2
35446,-427402,86.78378,,0.00111,561.2
35530,-427373,86.81597,,0.00111,561.2
35614,-427402,86.78378,,0.00111,561.2
35698,-427354,86.83706,,0.00111,561.2
35782,-427343,86.84927,,0.00111,561.2
35866,-427301,86.89589,,0.00111,561.2
35951,-427259,86.94251,,0.00111,561.2
36035,-427274,86.92586,,0.00111,561.2
36119,-427275,86.92475,,0.00111,561.2
36203,-427308,86.88812,,0.00111,561.2
36287,-427286,86.91254,,0.00111,561.2
36372,-427339,86.85371,,0.00111,561.2
36456,-427356,86.83484,,0.00111,561.2
36540,-427282,86.91698,,0.00111,561.2
36624,-427302,86.89478,,0.00111,561.2
36708,-427278,86.92142,,0.00111,561.2
36793,-427311,86.88479,,0.00111,561.2
36877,-427294,86.90366,,0.00111,561.2
36961,-427216,86.99024,,0.00111,561.2
37045,-427224,86.98136,,0.00111,561.2
37129,-427191,87.01799,,0.00111,561.2
37214,-427166,87.04574,,0.00111,561.2
37298,-427216,86.99024,,0.00111,561.2
37382,-427239,86.96471,,0.00111,561.2
37466,-427257,86.94473,,0.00111,561.2
37550,-427271,86.92919,,0.00111,561.2
37634,-427285,86.91365,,0.00111,561.2
37719,-427207,87.00023,,0.00111,561.2
37803,-427167,87.04463,,0.00111,561.2
37887,-427180,87.0302,,0.00111,561.2
37971,-427145,87.06905,,0.00111,561.2
38055,-427121,87.09569,,0.00111,561.2
38140,-427132,87.08348,,0.00111,561.2
38224,-427129,87.08681,,0.00111,561.2
38308,-427142,87.07238,,0.00111,561.2
38392,-427145,87.06905,,0.00111,561.2
38476,-427075,87.14675,,0.00111,561.2
38561,-427070,87.1523,,0.00111,561.2
38645,-427104,87.11456,,0.00111,561.2
38729,-427082,87.13898,,0.00111,561.2
38813,-427019,87.20891,,0.00111,561.2
38897,-426995,87.23555,,0.00111,561.2
38982,-426995,87.23555,,0.00111,561.2
39066,-427000,87.23,,0.00111,561.2
39150,-426993,87.23777,,0.00111,561.2
39234,-426992,87.23888,,0.00111,561.2
39318,-426983,87.24887,,0.00111,561.2
39403,-426957,87.27773,,0.00111,561.2
39487,-426996,87.23444,,0.00111,561.2
39571,-426980,87.2522,,0.00111,561.2
39655,-426946,87.28994,,0.00111,561.2
39739,-426948,87.28772,,0.00111,561.2
39823,-426916,87.32324,,0.00111,561.2
39908,-426890,87.3521,,0.00111,561.2
39992,-426902,87.33878,,0.00111,561.2
40076,-426905,87.33545,,0.00111,561.2
40160,-426878,87.36542,,0.00111,561.2
40244,-426921,87.31769,,0.00111,561.2
40329,-426907,87.33323,,0.00111,561.2
40413,-426946,87.28994,,0.00111,561.2
40497,-426934,87.30326,,0.00111,561.2
40581,-426913,87.32657,,0.00111,561.2
40665,-426893,87.34877,,0.00111,561.2
40750,-426852,87.39428,,0.00111,561.2
40834,-426850,87.3965,,0.00111,561.2
40918,-426887,87.35543,,0.00111,561.2
41002,-426892,87.34988,,0.00111,561.2
41086,-426881,87.36209,,0.00111,561.2
41171,-426878,87.36542,,0.00111,561.2
41255,-426840,87.4076,,0.00111,561.2
41339,-426849,87.39761,,0.00111,561.2
41423,-426826,87.42314,,0.00111,561.2
41507,-426823,87.42647,,0.00111,561.2
41592,-426812,87.43868,,0.00111,561.2
41676,-426829,87.41981,,0.00111,561.2
41760,-426818,87.43202,,0.00111,561.2
41844,-426873,87.37097,,0.00111,561.2
41928,-426828,87.42092,,0.00111,561.2
42012,-426811,87.43979,,0.00111,561.2
42097,-426809,87.44201,,0.00111,561.2
42181,-426801,87.45089,,0.00111,561.2
42265,-426816,87.43424,,0.00111,561.2
42349,-426835,87.41315,,0.00111,561.2
42433,-426827,87.42203,,0.00111,561.2
42518,-426838,87.40982,,0.00111,561.2
42602,-426850,87.3965,,0.00111,561.2
42686,-426865,87.37985,,0.00111,561.2
42770,-426800,87.452,,0.00111,561.2
42854,-426835,87.41315,,0.00111,561.2
42939,-426816,87.43424,,0.00111,561.2
43023,-426798,87.45422,,0.00111,561.2
43107,-426811,87.43979,,0.00111,561.2
43191,-426767,87.48863,,0.00111,561.2
43275,-426705,87.55745,,0.00111,561.2
43360,-426695,87.56855,,0.00111,561.2
43444,-426721,87.53969,,0.00111,561.2
43528,-426718,87.54302,,0.00111,561.2
43612,-426653,87.61517,,0.00111,561.2
43696,-426622,87.64958,,0.00111,561.2
43781,-426619,87.65291,,0.00111,561.2
43865,-426622,87.64958,,0.00111,561.2
43949,-426653,87.61517,,0.00111,561.2
44033,-426653,87.61517,,0.00111,561.2
44117,-426653,87.61517,,0.00111,561.2
44201,-426611,87.66179,,0.00111,561.2
44286,-426571,87.70619,,0.00111,561.2
44370,-426598,87.67622,,0.00111,561.2
44454,-426602,87.67178,,0.00111,561.2
44538,-426622,87.64958,,0.00111,561.2
44622,-426699,87.56411,,0.00111,561.2
44707,-426733,87.52637,,0.00111,561.2
44791,-426687,87.57743,,0.00111,561.2
44875,-426677,87.58853,,0.00111,561.2
44959,-426681,87.58409,,0.00111,561.2
45043,-426733,87.52637,,0.00111,561.2
45128,-426716,87.54524,,0.00111,561.2
45212,-426656,87.61184,,0.00111,561.2
45296,-426598,87.67622,,0.00111,561.2
45380,-426592,87.68288,,0.00111,561.2
45464,-426642,87.62738,,0.00111,561.2
45549,-426629,87.64181,,0.00111,561.2
45633,-426609,87.66401,,0.00111,561.2
45717,-426620,87.6518,,0.00111,561.2
45801,-426644,87.62516,,0.00111,561.2
45885,-426634,87.63626,,0.00111,561.2
45970,-426657,87.61073,,0.00111,561.2
46054,-426687,87.57743,,0.00111,561.2
46138,-426685,87.57965,,0.00111,561.2
46222,-426635,87.63515,,0.00111,561.2
46306,-426586,87.68954,,0.00111,561.2
46391,-426538,87.74282,,0.00111,561.2
46475,-426516,87.76724,,0.00111,561.2
46559,-426512,87.77168,,0.00111,561.2
46643,-426453,87.83717,,0.00111,561.2
46727,-426449,87.84161,,0.00111,561.2
46812,-426423,87.87047,,0.00111,561.2
46896,-426448,87.84272,,0.00111,561.2
46980,-426458,87.83162,,0.00111,561.2
47064,-426484,87.80276,,0.00111,561.2
47148,-426515,87.76835,,0.00111,561.2
47232,-426521,87.76169,,0.00111,561.2
47317,-426547,87.73283,,0.00111,561.2
47401,-426524,87.75836,,0.00111,561.2
47485,-426500,87.785,,0.00111,561.2
47569,-426481,87.80609,,0.00111,561.2
47653,-426460,87.8294,,0.00111,561.2
47738,-426486,87.80054,,0.00111,561.2
47822,-426514,87.76946,,0.00111,561.2
47906,-426573,87.70397,,0.00111,561.2
47990,-426545,87.73505,,0.00111,561.2
48074,-426560,87.7184,,0.00111,561.2
48159,-426563,87.71507,,0.00111,561.2
48243,-426510,87.7739,,0.00111,561.2
48327,-426508,87.77612,,0.00111,561.2
48411,-426533,87.74837,,0.00111,561.2
48495,-426566,87.71174,,0.00111,561.2
48580,-426559,87.71951,,0.00111,561.2
48664,-426571,87.70619,,0.00111,561.2
48748,-426595,87.67955,,0.00111,561.2
48832,-426461,87.82829,,0.00111,561.2
48916,-426422,87.87158,,0.00111,561.2
49001,-426495,87.79055,,0.00111,561.2
49085,-426502,87.78278,,0.00111,561.2
49169,-426537,87.74393,,0.00111,561.2
49253,-426507,87.77723,,0.00111,561.2
49337,-426546,87.73394,,0.00111,561.2
49422,-426520,87.7628,,0.00111,561.2
49506,-426504,87.78056,,0.00111,561.2
49590,-426481,87.80609,,0.00111,561.2
49674,-426482,87.80498,,0.00111,561.2
49758,-426505,87.77945,,0.00111,561.2
49843,-426522,87.76058,,0.00111,561.2
49927,-426500,87.785,,0.00111,561.2
50011,-426444,87.84716,,0.00111,561.2
50095,-426468,87.82052,,0.00111,561.2
50179,-426487,87.79943,,0.00111,561.2
50264,-426520,87.7628,,0.00111,561.2
50348,-426515,87.76835,,0.00111,561.2
50432,-426475,87.81275,,0.00111,561.2
50516,-426475,87.81275,,0.00111,561.2
50600,-426496,87.78944,,0.00111,561.2
50685,-426475,87.81275,,0.00111,561.2
50769,-426478,87.80942,,0.00111,561.2
50853,-426461,87.82829,,0.00111,561.2
50937,-426405,87.89045,,0.00111,561.2
51021,-426400,87.896,,0.00111,561.2
51105,-426390,87.9071,,0.00111,561.2
51190,-426350,87.9515,,0.00111,561.2
51274,-426356,87.94484,,0.00111,561.2
51358,-426311,87.99479,,0.00111,561.2
51442,-426334,87.96926,,0.00111,561.2
51526,-426349,87.95261,,0.00111,561.2
51611,-426340,87.9626,,0.00111,561.2
51695,-426374,87.92486,,0.00111,561.2
51779,-426365,87.93485,,0.00111,561.2
51863,-426397,87.89933,,0.00111,561.2
51947,-426375,87.92375,,0.00111,561.2
52032,-426409,87.88601,,0.00111,561.2
52116,-426418,87.87602,,0.00111,561.2
52200,-426424,87.86936,,0.00111,561.2
52284,-426380,87.9182,,0.00111,561.2
52368,-426408,87.88712,,0.00111,561.2
52453,-426411,87.88379,,0.00111,561.2
52537,-426397,87.89933,,0.00111,561.2
52621,-426407,87.88823,,0.00111,561.2
52705,-426412,87.88268,,0.00111,561.2
52789,-426401,87.89489,,0.00111,561.2
52874,-426368,87.93152,,0.00111,561.2
52958,-426357,87.94373,,0.00111,561.2
53042,-426356,87.94484,,0.00111,561.2
53126,-426370,87.9293,,0.00111,561.2
53210,-426383,87.91487,,0.00111,561.2
53295,-426371,87.92819,,0.00111,561.2
53379,-426368,87.93152,,0.00111,561.2
53463,-426376,87.92264,,0.00111,561.2
53547,-426365,87.93485,,0.00111,561.2
53631,-426370,87.9293,,0.00111,561.2
53716,-426395,87.90155,,0.00111,561.2
53800,-426407,87.88823,,0.00111,561.2
53884,-426390,87.9071,,0.00111,561.2
53968,-426424,87.86936,,0.00111,561.2
54052,-426418,87.87602,,0.00111,561.2
54137,-426375,87.92375,,0.00111,561.2
54221,-426344,87.95816,,0.00111,561.2
54305,-426378,87.92042,,0.00111,561.2
54389,-426408,87.88712,,0.00111,561.2
54473,-426403,87.89267,,0.00111,561.2
54558,-426400,87.896,,0.00111,561.2
54642,-426386,87.91154,,0.00111,561.2
54726,-426363,87.93707,,0.00111,561.2
54810,-426356,87.94484,,0.00111,561.2
54894,-426332,87.97148,,0.00111,561.2
54979,-426348,87.95372,,0.00111,561.2
55063,-426369,87.93041,,0.00111,561.2
55147,-426381,87.91709,,0.00111,561.2
55231,-426353,87.94817,,0.00111,561.2
55315,-426314,87.99146,,0.00111,561.2
55400,-426301,88.00589,,0.00111,561.2
55484,-426311,87.99479,,0.00111,561.2
55568,-426334,87.96926,,0.00111,561.2
55652,-426309,87.99701,,0.00111,561.2
55736,-426331,87.97259,,0.00111,561.2
55821,-426359,87.94151,,0.00111,561.2
55905,-426360,87.9404,,0.00111,561.2
55989,-426390,87.9071,,0.00111,561.2
56073,-426371,87.92819,,0.00111,561.2
56157,-426385,87.91265,,0.00111,561.2
56242,-426397,87.89933,,0.00111,561.2
56326,-426362,87.93818,,0.00111,561.2
56410,-426356,87.94484,,0.00111,561.2
56494,-426380,87.9182,,0.00111,561.2
56578,-426371,87.92819,,0.00111,561.2
56663,-426368,87.93152,,0.00111,561.2
56747,-426353,87.94817,,0.00111,561.2
56831,-426332,87.97148,,0.00111,561.2
56915,-426304,88.00256,,0.00111,561.2
56999,-426338,87.96482,,0.00111,561.2
57083,-426314,87.99146,,0.00111,561.2
57168,-426309,87.99701,,0.00111,561.2
57252,-426319,87.98591,,0.00111,561.2
57336,-426312,87.99368,,0.00111,561.2
57420,-426302,88.00478,,0.00111,561.2
57504,-426306,88.00034,,0.00111,561.2
57589,-426287,88.02143,,0.00111,561.2
57673,-426278,88.03142,,0.00111,561.2
57757,-426282,88.02698,,0.00111,561.2
57841,-426263,88.04807,,0.00111,561.2
57925,-426275,88.03475,,0.00111,561.2
58010,-426274,88.03586,,0.00111,561.2
58094,-426266,88.04474,,0.00111,561.2
58178,-426234,88.08026,,0.00111,561.2
58262,-426233,88.08137,,0.00111,561.2
58346,-426272,88.03808,,0.00111,561.2
58431,-426246,88.06694,,0.00111,561.2
58515,-426223,88.09247,,0.00111,561.2
58599,-426267,88.04363,,0.00111,561.2
58683,-426193,88.12577,,0.00111,561.2
58767,-426196,88.12244,,0.00111,561.2
58852,-426225,88.09025,,0.00111,561.2
58936,-426239,88.07471,,0.00111,561.2
59020,-426247,88.06583,,0.00111,561.2
59104,-426237,88.07693,,0.00111,561.2
59188,-426252,88.06028,,0.00111,561.2
59273,-426263,88.04807,,0.00111,561.2
59357,-426216,88.10024,,0.00111,561.2
59441,-426227,88.08803,,0.00111,561.2
59525,-426239,88.07471,,0.00111,561.2
59609,-426205,88.11245,,0.00111,561.2
59694,-426215,88.10135,,0.00111,561.2
59778,-426203,88.11467,,0.00111,561.2
59862,-426160,88.1624,,0.00111,561.2
59946,-426158,88.16462,,0.00111,561.2
60030,-426142,88.18238,,0.00111,561.2
60115,-426085,88.24565,,0.00111,561.2
60199,-426131,88.19459,,0.00111,561.2
60283,-426117,88.21013,,0.00111,561.2
60367,-426107,88.22123,,0.00111,561.2
60451,-426118,88.20902,,0.00111,561.2
60536,-426156,88.16684,,0.00111,561.2
60620,-426155,88.16795,,0.00111,561.2
60704,-426117,88.21013,,0.00111,561.2
60788,-426122,88.20458,,0.00111,561.2
60872,-426097,88.23233,,0.00111,561.2
60957,-426121,88.20569,,0.00111,561.2
61041,-426101,88.22789,,0.00111,561.2
61125,-426065,88.26785,,0.00111,561.2
61209,-426033,88.30337,,0.00111,561.2
61293,-426065,88.26785,,0.00111,561.2
61378,-426075,88.25675,,0.00111,561.2
61462,-426072,88.26008,,0.00111,561.2
61546,-426079,88.25231,,0.00111,561.2
61630,-426078,88.25342,,0.00111,561.2
61714,-426028,88.30892,,0.00111,561.2
61799,-426062,88.27118,,0.00111,561.2
61883,-426089,88.24121,,0.00111,561.2
61967,-426036,88.30004,,0.00111,561.2
62051,-426008,88.33112,,0.00111,561.2
62135,-426059,88.27451,,0.00111,561.2
62220,-426038,88.29782,,0.00111,561.2
62304,-426004,88.33556,,0.00111,561.2
62388,-426017,88.32113,,0.00111,561.2
62472,-426029,88.30781,,0.00111,561.2
62556,-426018,88.32002,,0.00111,561.2
62641,-426070,88.2623,,0.00111,561.2
62725,-426086,88.24454,,0.00111,561.2
62809,-426091,88.23899,,0.00111,561.2
62893,-426109,88.21901,,0.00111,561.2
62977,-426117,88.21013,,0.00111,561.2
63062,-426107,88.22123,,0.00111,561.2
63146,-426073,88.25897,,0.00111,561.2
63230,-426074,88.25786,,0.00111,561.2
63314,-426072,88.26008,,0.00111,561.2
63398,-426076,88.25564,,0.00111,561.2
63483,-426076,88.25564,,0.00111,561.2
63567,-426050,88.2845,,0.00111,561.2
63651,-426050,88.2845,,0.00111,561.2
63735,-426065,88.26785,,0.00111,561.2
63819,-426060,88.2734,,0.00111,561.2
63904,-426006,88.33334,,0.00111,561.2
63988,-425979,88.36331,,0.00111,561.2
64072,-426001,88.33889,,0.00111,561.2
64156,-425985,88.35665,,0.00111,561.2
64240,-425971,88.37219,,0.00111,561.2
64324,-425934,88.41326,,0.00111,561.2
64409,-426006,88.33334,,0.00111,561.2
64493,-425985,88.35665,,0.00111,561.2
64577,-425941,88.40549,,0.00111,561.2
64661,-425914,88.43546,,0.00111,561.2
64745,-425921,88.42769,,0.00111,561.2
64830,-425943,88.40327,,0.00111,561.2
64914,-425942,88.40438,,0.00111,561.2
64998,-425924,88.42436,,0.00111,561.2
65082,-425918,88.43102,,0.00111,561.2
65166,-425888,88.46432,,0.00111,561.2
65251,-425877,88.47653,,0.00111,561.2
65335,-425904,88.44656,,0.00111,561.2
65419,-425930,88.4177,,0.00111,561.2
65503,-425918,88.43102,,0.00111,561.2
65587,-425917,88.43213,,0.00111,561.2
65672,-425938,88.40882,,0.00111,561.2
65756,-425890,88.4621,,0.00111,561.2
65840,-425917,88.43213,,0.00111,561.2
65924,-425938,88.40882,,0.00111,561.2
66008,-425920,88.4288,,0.00111,561.2
66093,-425963,88.38107,,0.00111,561.2
66177,-425950,88.3955,,0.00111,561.2
66261,-425958,88.38662,,0.00111,561.2
66345,-425983,88.35887,,0.00111,561.2
66429,-425948,88.39772,,0.00111,561.2
66514,-425955,88.38995,,0.00111,561.2
66598,-425987,88.35443,,0.00111,561.2
66682,-425945,88.40105,,0.00111,561.2
66766,-425931,88.41659,,0.00111,561.2
66850,-425935,88.41215,,0.00111,561.2
66935,-425916,88.43324,,0.00111,561.2
67019,-425883,88.46987,,0.00111,561.2
67103,-425891,88.46099,,0.00111,561.2
67187,-425913,88.43657,,0.00111,561.2
67271,-425918,88.43102,,0.00111,561.2
67356,-426202,88.11578,,0.00111,561.2
67440,-427254,86.94806,,0.00111,561.2
67524,-428847,85.17983,,0.00111,561.2
67608,-431581,82.14509,,0.00111,561.2
67692,-434783,78.59087,,0.00111,561.2
67777,-435189,78.14021,,0.00111,561.2
67861,-434794,78.57866,,0.00111,561.2
67945,-434905,78.45545,,0.00111,561.2
68029,-436273,76.93697,,0.00111,561.2
68113,-438616,74.33624,,0.00111,561.2
68198,-437951,75.07439,,0.00111,561.2
68282,-436133,77.09237,,0.00111,561.2
68366,-434449,78.96161,,0.00111,561.2
68450,-429560,84.3884,,0.00111,561.2
68534,-415598,99.88622,,0.00111,561.2
68619,-373177,146.97353,,0.00111,561.2
68703,-268295,263.39255,,0.00111,561.2
68787,-64904,489.15656,,0.00111,561.2
68871,189816,771.89576,,0.00111,561.2
68955,270062,860.96882,,0.00111,561.2
69039,305807,900.64577,,0.00111,561.2
69124,323821,920.64131,,0.00111,561.2
69208,306996,901.96556,,0.00111,561.2
69292,255312,844.59632,,0.00111,561.2
69376,136473,712.68503,,0.00111,561.2
69460,20352,583.79072,,0.00111,561.2
69545,-40663,516.06407,,0.00111,561.2
69629,-74066,478.98674,,0.00111,561.2
69713,-94286,456.54254,,0.00111,561.2
69797,-105642,443.93738,,0.00111,561.2
69881,-113573,435.13397,,0.00111,561.2
69966,-120984,426.90776,,0.00111,561.2
70050,-126644,420.62516,,0.00111,561.2
70134,-131291,415.46699,,0.00111,561.2
70218,-135742,410.52638,,0.00111,561.2
70302,-138357,407.62373,,0.00111,561.2
70387,-140806,404.90534,,0.00111,561.2
70471,-144597,400.69733,,0.00111,561.2
70555,-146867,398.17763,,0.00111,561.2
70639,-148694,396.14966,,0.00111,561.2
70723,-149867,394.84763,,0.00111,561.2
70808,-149458,395.30162,,0.00111,561.2
70892,-150831,393.77759,,0.00111,561.2
70976,-156533,387.44837,,0.00111,561.2
71060,-157142,386.77238,,0.00111,561.2
71144,-157839,385.99871,,0.00111,561.2
71229,-164888,378.17432,,0.00111,561.2
71313,-181265,359.99585,,0.00111,561.2
71397,-195619,344.06291,,0.00111,561.2
71481,-198217,341.17913,,0.00111,561.2
71565,-192821,347.16869,,0.00111,561.2
71650,-185616,355.16624,,0.00111,561.2
71734,-183943,357.02327,,0.00111,561.2
71818,-182828,358.26092,,0.00111,561.2
71902,-181333,359.92037,,0.00111,561.2
71986,-179601,361.84289,,0.00111,561.2
72071,-178242,363.35138,,0.00111,561.2
72155,-176402,365.39378,,0.00111,561.2
72239,-174440,367.5716,,0.00111,561.2
72323,-174046,368.00894,,0.00111,561.2
72407,-174478,367.52942,,0.00111,561.2
72492,-173650,368.4485,,0.00111,561.2
72576,-172869,369.31541,,0.00111,561.2
72660,-172282,369.96698,,0.00111,561.2
72744,-173760,368.3264,,0.00111,561.2
72828,-174078,367.97342,,0.00111,561.2
72912,-172171,370.09019,,0.00111,561.2
72997,-170528,371.91392,,0.00111,561.2
73081,-169333,373.24037,,0.00111,561.2
73165,-169816,372.70424,,0.00111,561.2
73249,-172410,369.8249,,0.00111,561.2
73333,-172505,369.71945,,0.00111,561.2
73418,-171371,370.97819,,0.00111,561.2
73502,-169683,372.85187,,0.00111,561.2
73586,-167957,374.76773,,0.00111,561.2
73670,-166438,376.45382,,0.00111,561.2
73754,-167055,375.76895,,0.00111,561.2
73839,-171348,371.00372,,0.00111,561.2
73923,-171028,371.35892,,0.00111,561.2
74007,-168882,373.74098,,0.00111,561.2
74091,-166922,375.91658,,0.00111,561.2
74175,-164698,378.38522,,0.00111,561.2
74260,-161883,381.50987,,0.00111,561.2
74344,-159064,384.63896,,0.00111,561.2
74428,-156738,387.22082,,0.00111,561.2
74512,-155066,389.07674,,0.00111,561.2
74596,-156389,387.60821,,0.00111,561.2
74681,-203853,334.92317,,0.00111,561.2
74765,-342279,181.27031,,0.00111,561.2
74849,-437367,75.72263,,0.00111,561.2
74933,-459285,51.39365,,0.00111,561.2
75017,-461433,49.00937,,0.00111,561.2
75102,-462191,48.16799,,0.00111,561.2
75186,-463804,46.37756,,0.00111,561.2
75270,-465408,44.59712,,0.00111,561.2
75354,-465992,43.94888,,0.00111,561.2
75438,-466616,43.25624,,0.00111,561.2
75523,-466636,43.23404,,0.00111,561.2
75607,-466970,42.8633,,0.00111,561.2
75691,-468029,41.68781,,0.00111,561.2
75775,-469039,40.56671,,0.00111,561.2
75859,-469777,39.74753,,0.00111,561.2
75944,-470519,38.92391,,0.00111,561.2
76028,-470629,38.80181,,0.00111,561.2
76112,-470204,39.27356,,0.00111,561.2
76196,-470981,38.41109,,0.00111,561.2
76280,-471948,37.33772,,0.00111,561.2
76365,-472070,37.2023,,0.00111,561.2
76449,-471607,37.71623,,0.00111,561.2
76533,-471534,37.79726,,0.00111,561.2
76617,-471621,37.70069,,0.00111,561.2
76701,-472187,37.07243,,0.00111,561.2
76786,-472426,36.80714,,0.00111,561.2
76870,-471755,37.55195,,0.00111,561.2
76954,-471714,37.59746,,0.00111,561.2
77038,-471814,37.48646,,0.00111,561.2
77122,-471951,37.33439,,0.00111,561.2
77207,-472181,37.07909,,0.00111,561.2
77291,-472232,37.02248,,0.00111,561.2
77375,-472204,37.05356,,0.00111,561.2
77459,-472214,37.04246,,0.00111,561.2
77543,-472512,36.71168,,0.00111,561.2
77628,-472477,36.75053,,0.00111,561.2
77712,-472257,36.99473,,0.00111,561.2
77796,-472312,36.93368,,0.00111,561.2
77880,-472278,36.97142,,0.00111,561.2
77964,-472024,37.25336,,0.00111,561.2
78049,-471594,37.73066,,0.00111,561.2
78133,-471487,37.84943,,0.00111,561.2
78217,-471663,37.65407,,0.00111,561.2
78301,-471859,37.43651,,0.00111,561.2
78385,-472014,37.26446,,0.00111,561.2
78469,-472310,36.9359,,0.00111,561.2
78554,-472626,36.58514,,0.00111,561.2
78638,-472905,36.27545,,0.00111,561.2
78722,-473145,36.00905,,0.00111,561.2
78806,-473403,35.72267,,0.00111,561.2
78890,-473683,35.41187,,0.00111,561.2
78975,-473964,35.09996,,0.00111,561.2
79059,-474174,34.86686,,0.00111,561.2
79143,-474365,34.65485,,0.00111,561.2
79227,-474601,34.39289,,0.00111,561.2
79311,-474623,34.36847,,0.00111,561.2
79396,-474533,34.46837,,0.00111,561.2
79480,-474495,34.51055,,0.00111,561.2
79564,-474463,34.54607,,0.00111,561.2
79648,-474363,34.65707,,0.00111,561.2
79732,-474061,34.99229,,0.00111,561.2
79817,-473677,35.41853,,0.00111,561.2
79901,-473509,35.60501,,0.00111,561.2
81884,-474354,34.66706,,0.00111,561.2
81921,-474425,34.58825,,0.00111,561.2
82006,-474546,34.45394,,0.00111,561.2
82090,-474673,34.31297,,0.00111,561.2
82174,-474761,34.21529,,0.00111,561.2
82258,-474835,34.13315,,0.00111,561.2
82342,-474932,34.02548,,0.00111,561.2
82427,-475016,33.93224,,0.00111,561.2
82511,-475119,33.81791,,0.00111,561.2
82595,-475257,33.66473,,0.00111,561.2
82679,-475303,33.61367,,0.00111,561.2
82763,-475279,33.64031,,0.00111,561.2
82847,-475273,33.64697,,0.00111,561.2
82932,-475321,33.59369,,0.00111,561.2
83016,-475335,33.57815,,0.00111,561.2
83100,-475324,33.59036,,0.00111,561.2
,,561.2,,0.00111,561.2
,,561.2,,0.00111,561.2
,,561.2,,0.00111,561.2
,,561.2,,0.00111,561.2
,,561.2,,0.00111,561.2
,,561.2,,0.00111,561.2
,,561.2,,0.00111,561.2
,,561.2,,0.00111,561.2
,,561.2,,0.00111,561.2
,,561.2,,0.00111,561.2
,,561.2,,0.00111,561.2
,,561.2,,0.00111,561.2
,,561.2,,0.00111,561.2
,,561.2,,0.00111,561.2
,,561.2,,0.00111,561.2
,,561.2,,0.00111,561.2
,,561.2,,0.00111,561.2
,,561.2,,0.00111,561.2
,,561.2,,0.00111,561.2
,,561.2,,0.00111,561.2
,,561.2,,0.00111,561.2
,,561.2,,0.00111,561.2
,,561.2,,0.00111,561.2
,,561.2,,0.00111,561.2
,,561.2,,0.00111,561.2
,,561.2,,0.00111,561.2
,,561.2,,0.00111,561.2
,,561.2,,0.00111,561.2
,,561.2,,0.00111,561.2
,,561.2,,0.00111,561.2
,,561.2,,0.00111,561.2
,,561.2,,0.00111,561.2
,,561.2,,0.00111,561.2
,,561.2,,0.00111,561.2
,,561.2,,0.00111,561.2
,,561.2,,0.00111,561.2
,,561.2,,0.00111,561.2
,,561.2,,0.00111,561.2
,,561.2,,0.00111,561.2
,,561.2,,0.00111,561.2
,,561.2,,0.00111,561.2
,,561.2,,0.00111,561.2
,,561.2,,0.00111,561.2
,,561.2,,0.00111,561.2
,,561.2,,0.00111,561.2
,,561.2,,0.00111,561.2
,,561.2,,0.00111,561.2
,,561.2,,0.00111,561.2
,,561.2,,0.00111,561.2
,,561.2,,0.00111,561.2
,,561.2,,0.00111,561.2
,,561.2,,0.00111,561.2
,,561.2,,0.00111,561.2
,,561.2,,0.00111,561.2
,,561.2,,0.00111,561.2
,,561.2,,0.00111,561.2
,,561.2,,0.00111,561.2
,,561.2,,0.00111,561.2
,,561.2,,0.00111,561.2
,,561.2,,0.00111,561.2
,,561.2,,0.00111,561.2
,,561.2,,0.00111,561.2
,,561.2,,0.00111,561.2
,,561.2,,0.00111,561.2
,,561.2,,0.00111,561.2
,,561.2,,0.00111,561.2
,,561.2,,0.00111,561.2
,,561.2,,0.00111,561.2
,,561.2,,0.00111,561.2
,,561.2,,0.00111,561.2
,,561.2,,0.00111,561.2
,,561.2,,0.00111,561.2
,,561.2,,0.00111,561.2
,,561.2,,0.00111,561.2
,,561.2,,0.00111,561.2
,,561.2,,0.00111,561.2
,,561.2,,0.00111,561.2
,,561.2,,0.00111,561.2
,,561.2,,0.00111,561.2
,,561.2,,0.00111,561.2
,,561.2,,0.00111,561.2
,,561.2,,0.00111,561.2
,,561.2,,0.00111,561.2
,,561.2,,0.00111,561.2
,,561.2,,0.00111,561.2
,,561.2,,0.00111,561.2
,,561.2,,0.00111,561.2
,,561.2,,0.00111,561.2
,,561.2,,0.00111,561.2
,,561.2,,0.00111,561.2
,,561.2,,0.00111,561.2
,,561.2,,0.00111,561.2
,,561.2,,0.00111,561.2
,,561.2,,0.00111,561.2
,,561.2,,0.00111,561.2
,,561.2,,0.00111,561.2
,,561.2,,0.00111,561.2
,,561.2,,0.00111,561.2
,,561.2,,0.00111,561.2
,,561.2,,0.00111,561.2
,,561.2,,0.00111,561.2
,,561.2,,0.00111,561.2
,,561.2,,0.00111,561.2
,,561.2,,0.00111,561.2
,,561.2,,0.00111,561.2
,,561.2,,0.00111,561.2